burst_width,total_arrivals,mean_parking_duration,n_seeds,mean_total_waiting_time_mean,mean_total_waiting_time_sd,max_total_waiting_time_mean,max_total_waiting_time_sd,peak_searching_inside_mean,peak_searching_inside_sd,peak_waiting_outside_mean,peak_waiting_outside_sd,peak_total_backlog_mean,peak_total_backlog_sd,cumulative_backlog_mean,cumulative_backlog_sd,mean_blocked_by_parking_mean,mean_blocked_by_parking_sd,mean_occupancy_mean,mean_occupancy_sd,successful_parking_count_mean,successful_parking_count_sd,completion_fraction_mean,completion_fraction_sd
10,12,15,10,19.083333333333332,1.6257476912348843,37.4,4.737087712930805,6.9,1.1357816691600546,6.1,0.9433981132056604,9.7,0.458257569495584,205.0,19.50897229481861,0.12466666666666668,0.02745501370929867,0.083,0.015893064719330868,12.0,0.0,1.0,0.0
10,12,30,10,24.925,5.225797387321225,45.6,6.681317235396026,8.3,1.1,5.4,0.916515138991168,10.0,0.6324555320336759,275.1,62.70956864785469,0.216,0.07777174579784386,0.19461111111111112,0.03621357258689306,12.0,0.0,1.0,0.0
10,12,60,10,31.46666666666667,3.827386691841953,61.7,7.443789357578571,9.9,1.2206555615733703,4.7,1.268857754044952,10.4,0.8,353.6,45.92864030210344,0.24633333333333335,0.061381321806121665,0.3496111111111111,0.08098231783833516,12.0,0.0,1.0,0.0
10,18,15,10,25.083333333333332,2.829109051396103,48.9,8.005623023850173,9.0,1.2649110640673518,12.1,0.9433981132056604,15.7,0.458257569495584,415.5,50.92396292512986,0.198,0.05729456053297439,0.11266666666666666,0.016815630588793436,18.0,0.0,1.0,0.0
10,18,30,10,37.08888888888889,6.467163020279,76.3,11.027692415006868,12.0,1.7888543819998317,11.4,0.916515138991168,16.0,0.6324555320336759,631.6,116.408934365022,0.42433333333333334,0.16338128547800218,0.25819444444444445,0.04707382729340565,18.0,0.0,1.0,0.0
10,18,60,10,44.92777777777778,8.318581387249647,96.2,21.549013898552296,13.6,1.2806248474865698,10.7,1.268857754044952,16.4,0.8,772.7,149.7344649704937,0.469,0.1392922586985125,0.4418888888888889,0.09119608165180113,18.0,0.0,1.0,0.0
10,24,15,10,32.56666666666666,2.9195343045690616,65.2,6.046486583132389,10.3,2.1,18.1,0.9433981132056604,21.7,0.458257569495584,733.6,70.06882330965749,0.294,0.07520047281175239,0.1403888888888889,0.015534807591778546,24.0,0.0,1.0,0.0
10,24,30,10,46.0375,7.171496676659157,93.2,15.683111936092276,15.7,1.8466185312619388,17.4,0.916515138991168,22.0,0.6324555320336759,1056.9,172.11592023981976,0.6413333333333333,0.20701154020435134,0.29869444444444443,0.05082332172206178,24.0,0.0,1.0,0.0
10,24,60,10,60.9875,10.91020880872589,133.6,23.896443249990153,16.6,1.42828568570857,16.7,1.268857754044952,22.4,0.8,1415.7,261.8450114094214,0.72,0.20734833814943715,0.55775,0.07949691837338223,24.0,0.0,1.0,0.0
20,12,15,10,15.65,2.683488608343831,29.4,5.238320341483518,7.1,0.8306623862918074,1.0,0.4472135954999579,7.1,0.8306623862918074,163.8,32.20186330012597,0.135,0.04364630568559039,0.09477777777777778,0.026848856793374114,12.0,0.0,1.0,0.0
20,12,30,10,20.4,3.5305806887819458,38.9,7.7775317421403045,8.0,0.7745966692414834,0.7,0.6403124237432849,8.0,0.7745966692414834,220.8,42.36696826538335,0.17333333333333334,0.04786555244757039,0.18505555555555556,0.042481622751549146,12.0,0.0,1.0,0.0
20,12,60,10,26.041666666666668,3.964293758035598,48.7,7.861933604400383,9.1,0.7,0.5,0.5,9.1,0.7,288.5,47.571525096427166,0.17466666666666666,0.051233669484908935,0.3422777777777778,0.07650756438031084,12.0,0.0,1.0,0.0
20,18,15,10,23.283333333333335,3.7302939016373218,44.5,8.558621384311845,10.0,1.8973665961010275,5.8,0.6,12.9,1.044030650891055,383.1,67.1452902294718,0.26766666666666666,0.09973353386789108,0.12097222222222223,0.019242302453285152,18.0,0.0,1.0,0.0
20,18,30,10,29.705555555555556,3.032951746450361,59.6,4.82078831727758,11.7,1.6155494421403511,5.1,0.9433981132056604,13.9,0.9433981132056604,498.7,54.5931314361065,0.379,0.08612716696193419,0.24230555555555555,0.03771994142998477,18.0,0.0,1.0,0.0
20,18,60,10,40.91111111111111,12.996751730934754,84.7,25.938581302762106,14.3,1.1874342087037917,3.4,1.5620499351813308,15.1,0.7,700.4,233.9415311568256,0.468,0.1466530296690495,0.4255,0.08350341901775232,18.0,0.0,1.0,0.0
20,24,15,10,28.825,3.7222958118762013,55.2,7.782030583337487,12.8,1.9390719429665315,11.7,0.7810249675906654,18.9,1.044030650891055,643.8,89.33509948502883,0.371,0.14140603476042551,0.14558333333333334,0.028868970162989966,24.0,0.0,1.0,0.0
20,24,30,10,38.4625,4.256997915197986,77.6,7.1302173879903545,15.1,2.118962010041709,10.9,1.044030650891055,19.9,0.9433981132056604,875.1,102.16794996475167,0.5533333333333333,0.1398809017223819,0.29894444444444446,0.05470710451075452,24.0,0.0,1.0,0.0
20,24,60,10,54.28333333333333,10.904283689347858,120.8,21.949031869310318,17.2,2.039607805437114,9.0,1.7888543819998317,21.1,0.7,1254.8,261.7028085443486,0.7143333333333334,0.16020854464658799,0.5339722222222222,0.07855681772520519,24.0,0.0,1.0,0.0
40,12,15,10,8.375,1.5421170513291136,16.8,2.9597297173897483,3.0,0.4472135954999579,0.0,0.0,3.0,0.4472135954999579,76.5,18.505404615949363,0.0,0.0,0.09097222222222222,0.02506326870684678,12.0,0.0,1.0,0.0
40,12,30,10,11.191666666666666,3.126066484684334,21.4,4.82078831727758,4.3,0.7810249675906654,0.0,0.0,4.3,0.7810249675906654,110.3,37.512797816212,0.0,0.0,0.18147222222222223,0.03541139394301861,12.0,0.0,1.0,0.0
40,12,60,10,18.46666666666667,4.859298074596555,37.3,13.907192383799112,5.8,1.0770329614269007,0.0,0.0,5.8,1.0770329614269007,197.6,58.31157689515865,0.0,0.0,0.35008333333333336,0.08193992925413615,12.0,0.0,1.0,0.0
40,18,15,10,11.783333333333333,2.138051784241618,24.2,4.019950248448356,5.6,0.8,0.7,0.458257569495584,5.6,0.8,176.1,38.48493211634912,0.055,0.02348758537327042,0.11441666666666667,0.023505137998864827,18.0,0.0,1.0,0.0
40,18,30,10,18.961111111111112,5.677878342227475,39.4,10.365326815879952,7.9,1.5132745950421556,0.7,0.458257569495584,7.9,1.5132745950421556,305.3,102.20181016009452,0.08433333333333333,0.029890541053056306,0.23102777777777778,0.047707643938088753,18.0,0.0,1.0,0.0
40,18,60,10,30.983333333333334,7.313021111536448,68.1,14.645477117526763,10.6,1.1135528725660044,0.6,0.4898979485566356,10.6,1.1135528725660044,521.7,131.63438000765606,0.129,0.0813640652322087,0.4280555555555556,0.09238147227530576,18.0,0.0,1.0,0.0
40,24,15,10,17.720833333333335,1.9288606668762318,39.1,3.6180105030251086,10.8,1.3266499161421599,1.4,0.6633249580710799,10.8,1.3266499161421599,377.3,46.29265600502956,0.25766666666666665,0.05553877524356795,0.13875,0.023817804446295537,24.0,0.0,1.0,0.0
40,24,30,10,28.8625,5.717087265868482,61.4,12.932130528261768,13.5,1.91049731745428,0.8,0.6,13.5,1.91049731745428,644.7,137.21009438084357,0.38433333333333336,0.08069214473678477,0.30569444444444444,0.06795709998426659,24.0,0.0,1.0,0.0
40,24,60,10,49.65416666666667,11.761549436145259,111.7,27.00759152534709,16.5,0.9219544457292888,0.6,0.4898979485566356,16.5,0.9219544457292888,1143.7,282.2771864674862,0.5083333333333333,0.2337009009634133,0.5535833333333333,0.10639000942258757,24.0,0.0,1.0,0.0
60,12,15,10,7.108333333333333,1.2698698533489343,13.5,2.4186773244895647,2.1,0.3,0.0,0.0,2.1,0.3,61.3,15.238438240187214,0.0,0.0,0.09058333333333334,0.013314483202999768,12.0,0.0,1.0,0.0
60,12,30,10,10.341666666666667,2.8058594444879494,19.3,4.583666654546336,3.0,0.6324555320336759,0.0,0.0,3.0,0.6324555320336759,100.1,33.67031333385539,0.0,0.0,0.19358333333333333,0.05127275917417877,12.0,0.0,1.0,0.0
60,12,60,10,15.533333333333333,3.2260226630050544,32.3,9.17660067781093,4.0,0.6324555320336759,0.0,0.0,4.0,0.6324555320336759,162.4,38.712271956060654,0.0,0.0,0.35247222222222224,0.07607313022332728,12.0,0.0,1.0,0.0
60,18,15,10,8.616666666666667,1.9603240472866648,16.3,2.8301943396169813,3.6,0.6633249580710799,0.0,0.0,3.6,0.6633249580710799,119.1,35.28583285115997,0.0,0.0,0.11038888888888888,0.025017339665732195,18.0,0.0,1.0,0.0
60,18,30,10,13.244444444444444,2.3325660113983626,26.2,3.3105890714493698,5.2,0.8717797887081347,0.0,0.0,5.2,0.8717797887081347,202.4,41.98618820517052,0.0,0.0,0.22672222222222221,0.04908558914516963,18.0,0.0,1.0,0.0
60,18,60,10,24.72222222222222,7.294594650226365,64.8,25.03517525403008,6.9,0.8306623862918074,0.0,0.0,6.9,0.8306623862918074,409.0,131.3027037040746,0.007666666666666667,0.014224392195567913,0.4543333333333333,0.09686324201843022,18.0,0.0,1.0,0.0
60,24,15,10,11.625,2.069034262108237,25.7,2.8301943396169813,5.8,0.9797958971132712,0.6,0.4898979485566356,5.8,0.9797958971132712,231.0,49.656822290597695,0.045,0.013763881881375051,0.13705555555555554,0.019682746094667802,24.0,0.0,1.0,0.0
60,24,30,10,18.825,3.7546637665708498,45.5,15.717824276915682,8.2,1.2489995996796797,0.5,0.5,8.2,1.2489995996796797,403.8,90.11193039770039,0.056999999999999995,0.01917463602435954,0.28933333333333333,0.05157387126763769,24.0,0.0,1.0,0.0
60,24,60,10,42.9,14.631233239584116,115.6,26.291443475016735,12.2,1.6,1.2,0.6,12.2,1.6,981.6,351.1495977500188,0.15666666666666668,0.06227180564089801,0.5834722222222222,0.09786227803889996,24.0,0.0,1.0,0.0
