seed,burst_width,total_arrivals,mean_parking_duration,mean_total_waiting_time,max_total_waiting_time,peak_searching_inside,peak_waiting_outside,peak_total_backlog,cumulative_backlog,mean_blocked_by_parking,mean_occupancy,successful_parking_count,completion_fraction
0,10,12,15,20.25,40,7,5,10,219,0.14,0.11472222222222223,12,1.0
1,10,12,15,16.5,34,6,6,10,174,0.07666666666666666,0.08,12,1.0
2,10,12,15,17.25,33,8,8,9,183,0.11333333333333333,0.07805555555555556,12,1.0
3,10,12,15,22.166666666666668,45,7,6,10,242,0.16,0.08083333333333333,12,1.0
4,10,12,15,19.833333333333332,44,5,7,9,214,0.09333333333333334,0.08583333333333333,12,1.0
5,10,12,15,20,41,6,6,10,216,0.14,0.08055555555555555,12,1.0
6,10,12,15,20.333333333333332,39,8,6,10,220,0.16666666666666666,0.09083333333333334,12,1.0
7,10,12,15,18.083333333333332,32,7,5,10,193,0.12666666666666668,0.08333333333333333,12,1.0
8,10,12,15,18.333333333333332,34,6,7,9,196,0.1,0.04611111111111111,12,1.0
9,10,12,15,18.083333333333332,32,9,5,10,193,0.13,0.08972222222222222,12,1.0
0,10,12,30,37.083333333333336,57,11,4,11,421,0.37333333333333335,0.26666666666666666,12,1.0
1,10,12,30,21.916666666666668,40,8,5,10,239,0.19666666666666666,0.15305555555555556,12,1.0
2,10,12,30,20.25,38,8,5,10,219,0.13666666666666666,0.23666666666666666,12,1.0
3,10,12,30,23.25,46,8,6,10,255,0.2,0.1763888888888889,12,1.0
4,10,12,30,21.666666666666668,39,7,6,10,236,0.15333333333333332,0.1925,12,1.0
5,10,12,30,20.75,40,7,6,10,225,0.14,0.1738888888888889,12,1.0
6,10,12,30,23.833333333333332,48,8,6,9,262,0.19333333333333333,0.15777777777777777,12,1.0
7,10,12,30,29.333333333333332,53,9,5,10,328,0.29333333333333333,0.18055555555555555,12,1.0
8,10,12,30,21,41,8,7,9,228,0.16,0.17333333333333334,12,1.0
9,10,12,30,30.166666666666668,54,9,4,11,338,0.31333333333333335,0.23527777777777778,12,1.0
0,10,12,60,38.916666666666664,77,12,2,12,443,0.31333333333333335,0.46166666666666667,12,1.0
1,10,12,60,28.416666666666668,53,9,5,10,317,0.2833333333333333,0.2586111111111111,12,1.0
2,10,12,60,32.583333333333336,61,11,4,11,367,0.25333333333333335,0.4191666666666667,12,1.0
3,10,12,60,28.333333333333332,56,10,5,10,316,0.21666666666666667,0.39222222222222225,12,1.0
4,10,12,60,31.666666666666668,59,11,4,11,356,0.19,0.3325,12,1.0
5,10,12,60,28.833333333333332,67,8,6,10,322,0.12666666666666668,0.34444444444444444,12,1.0
6,10,12,60,34.25,62,10,5,10,387,0.31333333333333335,0.3413888888888889,12,1.0
7,10,12,60,34.333333333333336,65,10,5,10,388,0.2866666666666667,0.39916666666666667,12,1.0
8,10,12,60,24.666666666666668,50,8,7,9,272,0.18,0.16472222222222221,12,1.0
9,10,12,60,32.666666666666664,67,10,4,11,368,0.3,0.38222222222222224,12,1.0
0,10,18,15,27.444444444444443,59,9,11,16,458,0.19,0.1425,18,1.0
1,10,18,15,23.11111111111111,48,9,12,16,380,0.15666666666666668,0.11166666666666666,18,1.0
2,10,18,15,23.77777777777778,43,8,14,15,392,0.17333333333333334,0.10277777777777777,18,1.0
3,10,18,15,24.666666666666668,47,9,12,16,408,0.19333333333333333,0.115,18,1.0
4,10,18,15,23.22222222222222,44,8,13,15,382,0.13666666666666666,0.12027777777777778,18,1.0
5,10,18,15,28.333333333333332,54,11,12,16,474,0.2733333333333333,0.11055555555555556,18,1.0
6,10,18,15,31.166666666666668,65,10,12,16,525,0.32,0.12611111111111112,18,1.0
7,10,18,15,21.77777777777778,37,8,11,16,356,0.17666666666666667,0.09861111111111111,18,1.0
8,10,18,15,22.5,42,7,13,15,369,0.13,0.07666666666666666,18,1.0
9,10,18,15,24.833333333333332,50,11,11,16,411,0.23,0.1225,18,1.0
0,10,18,30,49.22222222222222,93,15,10,17,850,0.64,0.3441666666666667,18,1.0
1,10,18,30,29.555555555555557,57,10,11,16,496,0.29333333333333333,0.18444444444444444,18,1.0
2,10,18,30,32.888888888888886,70,12,11,16,556,0.2833333333333333,0.29194444444444445,18,1.0
3,10,18,30,36.333333333333336,72,12,12,16,618,0.4166666666666667,0.25,18,1.0
4,10,18,30,34.44444444444444,78,11,12,16,584,0.3233333333333333,0.26055555555555554,18,1.0
5,10,18,30,33.44444444444444,71,11,12,16,566,0.3333333333333333,0.21861111111111112,18,1.0
6,10,18,30,34.27777777777778,72,12,12,15,581,0.35,0.21055555555555555,18,1.0
7,10,18,30,42.833333333333336,90,14,11,16,735,0.6133333333333333,0.30416666666666664,18,1.0
8,10,18,30,30.944444444444443,69,9,13,15,521,0.25666666666666665,0.22583333333333333,18,1.0
9,10,18,30,46.94444444444444,91,14,10,17,809,0.7333333333333333,0.2916666666666667,18,1.0
0,10,18,60,60.388888888888886,134,16,8,18,1051,0.62,0.5633333333333334,18,1.0
1,10,18,60,34.05555555555556,66,14,11,16,577,0.4166666666666667,0.30277777777777776,18,1.0
2,10,18,60,39.94444444444444,87,14,10,17,683,0.36,0.505,18,1.0
3,10,18,60,45.77777777777778,112,12,11,16,788,0.48,0.5744444444444444,18,1.0
4,10,18,60,36,73,14,10,17,612,0.26,0.47194444444444444,18,1.0
5,10,18,60,49.166666666666664,100,14,12,16,849,0.3433333333333333,0.3988888888888889,18,1.0
6,10,18,60,53.44444444444444,107,14,11,16,926,0.7066666666666667,0.40305555555555556,18,1.0
7,10,18,60,51.388888888888886,115,14,11,16,889,0.6233333333333333,0.4727777777777778,18,1.0
8,10,18,60,35.111111111111114,66,11,13,15,596,0.35333333333333333,0.29277777777777775,18,1.0
9,10,18,60,44,102,13,10,17,756,0.5266666666666666,0.4338888888888889,18,1.0
0,10,24,15,33.291666666666664,61,11,17,22,751,0.25666666666666665,0.16555555555555557,24,1.0
1,10,24,15,31.75,65,10,18,22,714,0.26,0.15611111111111112,24,1.0
2,10,24,15,30.25,61,9,20,21,678,0.24,0.12194444444444444,24,1.0
3,10,24,15,34.541666666666664,71,10,18,22,781,0.36,0.16,24,1.0
4,10,24,15,30.375,59,9,19,21,681,0.20333333333333334,0.14333333333333334,24,1.0
5,10,24,15,37.583333333333336,77,13,18,22,854,0.4166666666666667,0.1375,24,1.0
6,10,24,15,37.541666666666664,71,12,18,22,853,0.41,0.1238888888888889,24,1.0
7,10,24,15,29.041666666666668,57,8,17,22,649,0.25333333333333335,0.11861111111111111,24,1.0
8,10,24,15,31,68,7,19,21,696,0.21,0.13416666666666666,24,1.0
9,10,24,15,30.291666666666668,62,14,17,22,679,0.33,0.14277777777777778,24,1.0
0,10,24,30,56.208333333333336,120,19,16,23,1301,0.84,0.38027777777777777,24,1.0
1,10,24,30,36.458333333333336,72,15,17,22,827,0.4166666666666667,0.24083333333333334,24,1.0
2,10,24,30,41.791666666666664,90,15,17,22,955,0.5033333333333333,0.31972222222222224,24,1.0
3,10,24,30,43.583333333333336,82,15,18,22,998,0.56,0.3263888888888889,24,1.0
4,10,24,30,50.25,109,15,18,22,1158,0.6933333333333334,0.29305555555555557,24,1.0
5,10,24,30,41.458333333333336,80,16,18,22,947,0.55,0.23444444444444446,24,1.0
6,10,24,30,43.291666666666664,94,15,18,21,991,0.5433333333333333,0.27666666666666667,24,1.0
7,10,24,30,57.833333333333336,111,17,17,22,1340,0.99,0.3372222222222222,24,1.0
8,10,24,30,37.458333333333336,74,12,19,21,851,0.36666666666666664,0.2247222222222222,24,1.0
9,10,24,30,52.041666666666664,100,18,16,23,1201,0.95,0.3536111111111111,24,1.0
0,10,24,60,82.58333333333333,179,18,14,24,1934,1.0566666666666666,0.7072222222222222,24,1.0
1,10,24,60,46.916666666666664,102,14,17,22,1078,0.6366666666666667,0.43027777777777776,24,1.0
2,10,24,60,56.208333333333336,135,16,16,23,1301,0.4666666666666667,0.6247222222222222,24,1.0
3,10,24,60,71.29166666666667,167,15,17,22,1663,0.8266666666666667,0.5936111111111111,24,1.0
4,10,24,60,52.916666666666664,125,17,16,23,1222,0.45666666666666667,0.5922222222222222,24,1.0
5,10,24,60,62.208333333333336,121,16,18,22,1445,0.53,0.5238888888888888,24,1.0
6,10,24,60,67.41666666666667,143,19,17,22,1570,0.9466666666666667,0.46055555555555555,24,1.0
7,10,24,60,66.875,135,17,17,22,1557,0.9566666666666667,0.5658333333333333,24,1.0
8,10,24,60,45.291666666666664,99,16,19,21,1039,0.5766666666666667,0.48333333333333334,24,1.0
9,10,24,60,58.166666666666664,130,18,16,23,1348,0.7466666666666667,0.5958333333333333,24,1.0
0,20,12,15,12.75,27,7,1,7,129,0.06333333333333334,0.14833333333333334,12,1.0
1,20,12,15,14.333333333333334,26,8,1,8,148,0.14,0.05416666666666667,12,1.0
2,20,12,15,15.416666666666666,32,7,1,7,161,0.13666666666666666,0.11555555555555555,12,1.0
3,20,12,15,13.833333333333334,26,7,1,7,142,0.09666666666666666,0.09388888888888888,12,1.0
4,20,12,15,19.916666666666668,33,9,1,9,215,0.2,0.11861111111111111,12,1.0
5,20,12,15,20.083333333333332,40,7,1,7,217,0.2,0.10027777777777777,12,1.0
6,20,12,15,17.833333333333332,34,7,2,7,190,0.17666666666666667,0.0811111111111111,12,1.0
7,20,12,15,14.833333333333334,28,7,1,7,154,0.10333333333333333,0.08361111111111111,12,1.0
8,20,12,15,11.75,20,6,1,6,117,0.1,0.058055555555555555,12,1.0
9,20,12,15,15.75,28,6,0,6,165,0.13333333333333333,0.09416666666666666,12,1.0
0,20,12,30,23.333333333333332,43,8,0,8,256,0.12666666666666668,0.26944444444444443,12,1.0
1,20,12,30,16.083333333333332,33,7,0,7,169,0.12,0.1363888888888889,12,1.0
2,20,12,30,23.5,43,9,1,9,258,0.21333333333333335,0.16916666666666666,12,1.0
3,20,12,30,19.583333333333332,40,7,2,7,211,0.17,0.20833333333333334,12,1.0
4,20,12,30,26.833333333333332,57,9,1,9,298,0.27,0.23527777777777778,12,1.0
5,20,12,30,19.083333333333332,34,8,1,8,205,0.20333333333333334,0.19361111111111112,12,1.0
6,20,12,30,18.166666666666668,34,8,1,8,194,0.11666666666666667,0.15861111111111112,12,1.0
7,20,12,30,19.916666666666668,36,8,0,8,215,0.18,0.15861111111111112,12,1.0
8,20,12,30,14.666666666666666,27,7,1,7,152,0.13,0.12472222222222222,12,1.0
9,20,12,30,22.833333333333332,42,9,0,9,250,0.20333333333333334,0.1963888888888889,12,1.0
0,20,12,60,35.083333333333336,62,10,0,10,397,0.23666666666666666,0.41555555555555557,12,1.0
1,20,12,60,21.25,40,9,0,9,231,0.15,0.18416666666666667,12,1.0
2,20,12,60,29.333333333333332,63,9,1,9,328,0.09666666666666666,0.4063888888888889,12,1.0
3,20,12,60,22.583333333333332,43,8,1,8,247,0.16,0.3233333333333333,12,1.0
4,20,12,60,25.166666666666668,42,10,0,10,278,0.09666666666666666,0.44027777777777777,12,1.0
5,20,12,60,28,53,9,1,9,312,0.16333333333333333,0.3586111111111111,12,1.0
6,20,12,60,27.666666666666668,49,9,1,9,308,0.23,0.2525,12,1.0
7,20,12,60,23,43,10,0,10,252,0.15666666666666668,0.32722222222222225,12,1.0
8,20,12,60,22.416666666666668,43,8,1,8,245,0.22,0.30694444444444446,12,1.0
9,20,12,60,25.916666666666668,49,9,0,9,287,0.23666666666666666,0.4077777777777778,12,1.0
0,20,18,15,19.27777777777778,37,9,5,11,311,0.15,0.1502777777777778,18,1.0
1,20,18,15,21.555555555555557,40,9,6,14,352,0.21,0.08666666666666667,18,1.0
2,20,18,15,25.444444444444443,51,10,6,13,422,0.35333333333333333,0.13472222222222222,18,1.0
3,20,18,15,19.38888888888889,37,10,5,13,313,0.17,0.13,18,1.0
4,20,18,15,27.666666666666668,50,14,5,15,462,0.4066666666666667,0.1338888888888889,18,1.0
5,20,18,15,26.22222222222222,49,12,6,13,436,0.36666666666666664,0.12277777777777778,18,1.0
6,20,18,15,29.38888888888889,62,10,7,13,493,0.37666666666666665,0.1111111111111111,18,1.0
7,20,18,15,18.38888888888889,31,8,6,13,295,0.19,0.09472222222222222,18,1.0
8,20,18,15,20.444444444444443,41,7,6,12,332,0.14,0.10805555555555556,18,1.0
9,20,18,15,25.055555555555557,47,11,6,12,415,0.31333333333333335,0.1375,18,1.0
0,20,18,30,33.44444444444444,63,13,4,14,566,0.34,0.26416666666666666,18,1.0
1,20,18,30,25.61111111111111,60,9,6,12,425,0.25,0.1827777777777778,18,1.0
2,20,18,30,26.055555555555557,51,11,4,15,433,0.31,0.24666666666666667,18,1.0
3,20,18,30,27.833333333333332,59,12,5,13,465,0.36,0.2961111111111111,18,1.0
4,20,18,30,34.388888888888886,68,14,5,15,583,0.51,0.27111111111111114,18,1.0
5,20,18,30,29.833333333333332,60,11,6,14,501,0.43,0.2752777777777778,18,1.0
6,20,18,30,30.72222222222222,63,12,5,14,517,0.35,0.19055555555555556,18,1.0
7,20,18,30,31.5,63,13,5,14,531,0.5133333333333333,0.20777777777777778,18,1.0
8,20,18,30,25.944444444444443,54,9,7,13,431,0.2866666666666667,0.21694444444444444,18,1.0
9,20,18,30,31.72222222222222,55,13,4,15,535,0.44,0.27166666666666667,18,1.0
0,20,18,60,74.77777777777777,148,16,1,16,1310,0.7633333333333333,0.5891666666666666,18,1.0
1,20,18,60,32.44444444444444,72,14,4,15,548,0.37,0.3525,18,1.0
2,20,18,60,39,71,15,1,15,666,0.4,0.3927777777777778,18,1.0
3,20,18,60,27.38888888888889,55,12,4,14,457,0.29,0.3902777777777778,18,1.0
4,20,18,60,34.77777777777778,64,16,2,16,590,0.39,0.49916666666666665,18,1.0
5,20,18,60,47.5,101,15,5,15,819,0.36666666666666664,0.5,18,1.0
6,20,18,60,38.77777777777778,79,14,4,15,662,0.54,0.33305555555555555,18,1.0
7,20,18,60,37.72222222222222,86,14,3,16,643,0.5233333333333333,0.3852777777777778,18,1.0
8,20,18,60,29,66,13,6,14,486,0.3566666666666667,0.3244444444444444,18,1.0
9,20,18,60,47.72222222222222,105,14,4,15,823,0.68,0.48833333333333334,18,1.0
0,20,24,15,29.75,65,13,11,17,666,0.3566666666666667,0.19416666666666665,24,1.0
1,20,24,15,25.791666666666668,47,12,12,20,571,0.25333333333333335,0.1175,24,1.0
2,20,24,15,27.625,54,13,12,19,615,0.36666666666666664,0.1425,24,1.0
3,20,24,15,25.625,51,11,11,19,567,0.22333333333333333,0.16722222222222222,24,1.0
4,20,24,15,32.75,55,15,10,21,738,0.5733333333333334,0.18416666666666667,24,1.0
5,20,24,15,33.75,65,14,12,19,762,0.6033333333333334,0.14805555555555555,24,1.0
6,20,24,15,35.416666666666664,69,15,13,19,802,0.51,0.13527777777777777,24,1.0
7,20,24,15,24.083333333333332,47,9,12,19,530,0.23333333333333334,0.1225,24,1.0
8,20,24,15,25.625,48,11,12,18,567,0.19666666666666666,0.095,24,1.0
9,20,24,15,27.833333333333332,51,15,12,18,620,0.3933333333333333,0.14944444444444444,24,1.0
0,20,24,30,44.125,91,17,10,20,1011,0.57,0.4102777777777778,24,1.0
1,20,24,30,33.541666666666664,73,13,12,18,757,0.3466666666666667,0.2594444444444444,24,1.0
2,20,24,30,33.333333333333336,79,11,10,21,752,0.37,0.34500000000000003,24,1.0
3,20,24,30,37.25,77,14,11,19,846,0.5066666666666667,0.31166666666666665,24,1.0
4,20,24,30,46.625,88,18,10,21,1071,0.79,0.31555555555555553,24,1.0
5,20,24,30,41.041666666666664,76,14,12,20,937,0.7366666666666667,0.3013888888888889,24,1.0
6,20,24,30,37.708333333333336,74,17,10,20,857,0.5366666666666666,0.2497222222222222,24,1.0
7,20,24,30,37.291666666666664,81,16,11,20,847,0.6066666666666667,0.33555555555555555,24,1.0
8,20,24,30,33.958333333333336,67,14,13,19,767,0.4266666666666667,0.21916666666666668,24,1.0
9,20,24,30,39.75,70,17,10,21,906,0.6433333333333333,0.24166666666666667,24,1.0
0,20,24,60,74.45833333333333,155,21,7,22,1739,0.97,0.6741666666666667,24,1.0
1,20,24,60,47,112,15,10,21,1080,0.58,0.505,24,1.0
2,20,24,60,69.75,158,19,6,21,1626,0.88,0.6530555555555555,24,1.0
3,20,24,60,40.791666666666664,103,15,10,20,931,0.5133333333333333,0.5075,24,1.0
4,20,24,60,44.375,89,17,7,22,1017,0.53,0.4855555555555556,24,1.0
5,20,24,60,63.166666666666664,136,19,10,21,1468,0.5833333333333334,0.5805555555555556,24,1.0
6,20,24,60,55.208333333333336,127,17,10,21,1277,0.82,0.5169444444444444,24,1.0
7,20,24,60,49,116,17,8,22,1128,0.7233333333333334,0.5202777777777777,24,1.0
8,20,24,60,44.208333333333336,98,14,12,20,1013,0.6366666666666667,0.39055555555555554,24,1.0
9,20,24,60,54.875,114,18,10,21,1269,0.9066666666666666,0.5061111111111111,24,1.0
0,40,12,15,10.5,21,3,0,3,102,0,0.13805555555555557,12,1.0
1,40,12,15,8.083333333333334,18,3,0,3,73,0,0.095,12,1.0
2,40,12,15,6.583333333333333,13,3,0,3,55,0,0.0811111111111111,12,1.0
3,40,12,15,9.583333333333334,18,3,0,3,91,0,0.11944444444444444,12,1.0
4,40,12,15,7.916666666666667,18,3,0,3,71,0,0.08972222222222222,12,1.0
5,40,12,15,8.25,18,3,0,3,75,0,0.10472222222222222,12,1.0
6,40,12,15,7.666666666666667,16,3,0,3,68,0,0.06722222222222222,12,1.0
7,40,12,15,8.416666666666666,18,3,0,3,77,0,0.07805555555555556,12,1.0
8,40,12,15,5.75,10,2,0,2,45,0,0.04388888888888889,12,1.0
9,40,12,15,11,18,4,0,4,108,0,0.0925,12,1.0
0,40,12,30,17.916666666666668,32,5,0,5,191,0,0.25722222222222224,12,1.0
1,40,12,30,9.5,18,4,0,4,90,0,0.1361111111111111,12,1.0
2,40,12,30,8.083333333333334,16,4,0,4,73,0,0.1625,12,1.0
3,40,12,30,11.833333333333334,24,5,0,5,118,0,0.225,12,1.0
4,40,12,30,11.166666666666666,18,5,0,5,110,0,0.15888888888888889,12,1.0
5,40,12,30,8.25,18,3,0,3,75,0,0.16833333333333333,12,1.0
6,40,12,30,12.833333333333334,24,5,0,5,130,0,0.1661111111111111,12,1.0
7,40,12,30,11.75,24,4,0,4,117,0,0.18694444444444444,12,1.0
8,40,12,30,6.666666666666667,16,3,0,3,56,0,0.14944444444444444,12,1.0
9,40,12,30,13.916666666666666,24,5,0,5,143,0,0.20416666666666666,12,1.0
0,40,12,60,29.666666666666668,62,7,0,7,332,0,0.5447222222222222,12,1.0
1,40,12,60,17.25,32,6,0,6,183,0,0.31083333333333335,12,1.0
2,40,12,60,16.416666666666668,29,6,0,6,173,0,0.36416666666666664,12,1.0
3,40,12,60,14.5,29,4,0,4,150,0,0.3436111111111111,12,1.0
4,40,12,60,20.333333333333332,38,7,0,7,220,0,0.3005555555555556,12,1.0
5,40,12,60,22.166666666666668,65,7,0,7,242,0,0.42527777777777775,12,1.0
6,40,12,60,21.666666666666668,40,6,0,6,236,0,0.39111111111111113,12,1.0
7,40,12,60,13.916666666666666,26,5,0,5,143,0,0.2713888888888889,12,1.0
8,40,12,60,12.416666666666666,26,4,0,4,125,0,0.2677777777777778,12,1.0
9,40,12,60,16.333333333333332,26,6,0,6,172,0,0.2813888888888889,12,1.0
0,40,18,15,12.88888888888889,25,6,0,6,196,0.04,0.1502777777777778,18,1.0
1,40,18,15,10.11111111111111,21,5,1,5,146,0.04,0.0936111111111111,18,1.0
2,40,18,15,9.61111111111111,23,5,1,5,137,0.04,0.11277777777777778,18,1.0
3,40,18,15,10.277777777777779,24,5,1,5,149,0.05,0.11666666666666667,18,1.0
4,40,18,15,14.722222222222221,30,7,1,7,229,0.08,0.13111111111111112,18,1.0
5,40,18,15,12.833333333333334,28,6,1,6,195,0.04,0.14305555555555555,18,1.0
6,40,18,15,10.222222222222221,20,5,1,5,148,0.05,0.07416666666666666,18,1.0
7,40,18,15,11.722222222222221,21,5,0,5,175,0.06333333333333334,0.11527777777777777,18,1.0
8,40,18,15,9.5,19,5,1,5,135,0.03333333333333333,0.08305555555555555,18,1.0
9,40,18,15,15.944444444444445,31,7,0,7,251,0.11333333333333333,0.12416666666666666,18,1.0
0,40,18,30,32.611111111111114,65,10,0,10,551,0.06333333333333334,0.355,18,1.0
1,40,18,30,15.444444444444445,32,7,1,7,242,0.1,0.20472222222222222,18,1.0
2,40,18,30,15.222222222222221,40,7,1,7,238,0.04666666666666667,0.2388888888888889,18,1.0
3,40,18,30,19.055555555555557,39,8,1,8,307,0.056666666666666664,0.2288888888888889,18,1.0
4,40,18,30,20.166666666666668,37,9,1,9,327,0.07666666666666666,0.2313888888888889,18,1.0
5,40,18,30,12.555555555555555,28,5,1,5,190,0.06,0.21388888888888888,18,1.0
6,40,18,30,17.166666666666668,33,7,1,7,273,0.10666666666666667,0.18638888888888888,18,1.0
7,40,18,30,18.666666666666668,44,9,0,9,300,0.09666666666666666,0.23555555555555555,18,1.0
8,40,18,30,13.722222222222221,29,7,1,7,211,0.08333333333333333,0.1675,18,1.0
9,40,18,30,25,47,10,0,10,414,0.15333333333333332,0.24805555555555556,18,1.0
0,40,18,60,39.111111111111114,86,12,0,12,668,0.16666666666666666,0.5136111111111111,18,1.0
1,40,18,60,26.61111111111111,50,10,0,10,443,0.12,0.3211111111111111,18,1.0
2,40,18,60,37.166666666666664,80,10,1,10,633,0.05,0.5236111111111111,18,1.0
3,40,18,60,28.055555555555557,69,10,1,10,469,0.11333333333333333,0.5425,18,1.0
4,40,18,60,30.88888888888889,67,12,1,12,520,0.07,0.48277777777777775,18,1.0
5,40,18,60,25.88888888888889,64,11,1,11,430,0.05,0.36083333333333334,18,1.0
6,40,18,60,32.333333333333336,77,11,1,11,546,0.19666666666666666,0.39916666666666667,18,1.0
7,40,18,60,26.5,66,9,0,9,441,0.07,0.40694444444444444,18,1.0
8,40,18,60,18.333333333333332,37,9,1,9,294,0.12333333333333334,0.2475,18,1.0
9,40,18,60,44.94444444444444,85,12,0,12,773,0.33,0.4825,18,1.0
0,40,24,15,18.416666666666668,41,10,1,10,394,0.18333333333333332,0.17416666666666666,24,1.0
1,40,24,15,18.291666666666668,44,11,1,11,391,0.21333333333333335,0.1461111111111111,24,1.0
2,40,24,15,15.541666666666666,40,10,2,10,325,0.23,0.15416666666666667,24,1.0
3,40,24,15,15.5,35,8,1,8,324,0.2866666666666667,0.1527777777777778,24,1.0
4,40,24,15,21.958333333333332,46,13,2,13,479,0.37333333333333335,0.1525,24,1.0
5,40,24,15,17.666666666666668,38,12,2,12,376,0.24333333333333335,0.14583333333333334,24,1.0
6,40,24,15,17.833333333333332,39,11,2,11,380,0.22666666666666666,0.09583333333333333,24,1.0
7,40,24,15,16.416666666666668,34,10,2,10,346,0.32,0.1313888888888889,24,1.0
8,40,24,15,15.916666666666666,36,11,1,11,334,0.29,0.09638888888888889,24,1.0
9,40,24,15,19.666666666666668,38,12,0,12,424,0.21,0.13833333333333334,24,1.0
0,40,24,30,36.083333333333336,79,13,0,13,818,0.24666666666666667,0.4025,24,1.0
1,40,24,30,23.875,48,12,1,12,525,0.37,0.20166666666666666,24,1.0
2,40,24,30,31.583333333333332,69,14,1,14,710,0.39,0.36083333333333334,24,1.0
3,40,24,30,25.833333333333332,54,14,2,14,572,0.34,0.2619444444444444,24,1.0
4,40,24,30,35.5,78,17,1,17,804,0.5033333333333333,0.4202777777777778,24,1.0
5,40,24,30,20.958333333333332,43,10,1,10,455,0.2833333333333333,0.27,24,1.0
6,40,24,30,29.333333333333332,68,13,1,13,656,0.4066666666666667,0.27694444444444444,24,1.0
7,40,24,30,30.583333333333332,70,14,0,14,686,0.4766666666666667,0.3322222222222222,24,1.0
8,40,24,30,19.708333333333332,43,12,1,12,425,0.3466666666666667,0.235,24,1.0
9,40,24,30,35.166666666666664,62,16,0,16,796,0.48,0.29555555555555557,24,1.0
0,40,24,60,74.20833333333333,157,18,0,18,1733,0.65,0.7836111111111111,24,1.0
1,40,24,60,39.083333333333336,77,16,0,16,890,0.6266666666666667,0.5,24,1.0
2,40,24,60,51.541666666666664,135,16,1,16,1189,0.18,0.5872222222222222,24,1.0
3,40,24,60,39.583333333333336,100,16,1,16,902,0.38333333333333336,0.5369444444444444,24,1.0
4,40,24,60,37.083333333333336,81,16,1,16,842,0.31666666666666665,0.48944444444444446,24,1.0
5,40,24,60,54.666666666666664,132,17,1,17,1264,0.27666666666666667,0.6986111111111111,24,1.0
6,40,24,60,52.708333333333336,128,17,1,17,1217,0.7233333333333334,0.5016666666666667,24,1.0
7,40,24,60,53.125,117,16,0,16,1227,0.3466666666666667,0.4866666666666667,24,1.0
8,40,24,60,34.083333333333336,71,15,1,15,770,0.6066666666666667,0.3997222222222222,24,1.0
9,40,24,60,60.458333333333336,119,18,0,18,1403,0.9733333333333334,0.5519444444444445,24,1.0
0,60,12,15,9.916666666666666,18,3,0,3,95,0,0.12083333333333333,12,1.0
1,60,12,15,6.666666666666667,10,2,0,2,56,0,0.07777777777777778,12,1.0
2,60,12,15,5.583333333333333,10,2,0,2,43,0,0.08777777777777777,12,1.0
3,60,12,15,6.416666666666667,13,2,0,2,53,0,0.10638888888888888,12,1.0
4,60,12,15,6.333333333333333,13,2,0,2,52,0,0.09083333333333334,12,1.0
5,60,12,15,6.916666666666667,13,2,0,2,59,0,0.08722222222222221,12,1.0
6,60,12,15,7.5,16,2,0,2,66,0,0.0775,12,1.0
7,60,12,15,6.083333333333333,13,2,0,2,49,0,0.07972222222222222,12,1.0
8,60,12,15,6.75,13,2,0,2,57,0,0.08083333333333333,12,1.0
9,60,12,15,8.916666666666666,16,2,0,2,83,0,0.09694444444444444,12,1.0
0,60,12,30,16.416666666666668,26,4,0,4,173,0,0.2827777777777778,12,1.0
1,60,12,30,10,18,3,0,3,96,0,0.2125,12,1.0
2,60,12,30,8.5,16,2,0,2,78,0,0.17333333333333334,12,1.0
3,60,12,30,9.666666666666666,21,3,0,3,92,0,0.21611111111111111,12,1.0
4,60,12,30,10.916666666666666,21,3,0,3,107,0,0.1963888888888889,12,1.0
5,60,12,30,9.333333333333334,18,3,0,3,88,0,0.23305555555555554,12,1.0
6,60,12,30,7.916666666666667,16,3,0,3,71,0,0.12916666666666668,12,1.0
7,60,12,30,13,26,4,0,4,132,0,0.22333333333333333,12,1.0
8,60,12,30,5.75,10,2,0,2,45,0,0.09277777777777778,12,1.0
9,60,12,30,11.916666666666666,21,3,0,3,119,0,0.1763888888888889,12,1.0
0,60,12,60,22.916666666666668,46,4,0,4,251,0,0.505,12,1.0
1,60,12,60,15.333333333333334,24,5,0,5,160,0,0.34,12,1.0
2,60,12,60,15.583333333333334,29,4,0,4,163,0,0.31722222222222224,12,1.0
3,60,12,60,15.166666666666666,29,4,0,4,158,0,0.3686111111111111,12,1.0
4,60,12,60,17.583333333333332,46,5,0,5,187,0,0.2916666666666667,12,1.0
5,60,12,60,16.333333333333332,46,4,0,4,172,0,0.4166666666666667,12,1.0
6,60,12,60,11.916666666666666,24,3,0,3,119,0,0.21388888888888888,12,1.0
7,60,12,60,16.5,29,4,0,4,174,0,0.4,12,1.0
8,60,12,60,10.333333333333334,24,3,0,3,100,0,0.29638888888888887,12,1.0
9,60,12,60,13.666666666666666,26,4,0,4,140,0,0.37527777777777777,12,1.0
0,60,18,15,10.5,21,5,0,5,153,0,0.1502777777777778,18,1.0
1,60,18,15,7.5,13,3,0,3,99,0,0.07333333333333333,18,1.0
2,60,18,15,6.833333333333333,13,3,0,3,87,0,0.10305555555555555,18,1.0
3,60,18,15,7.833333333333333,16,4,0,4,105,0,0.11777777777777777,18,1.0
4,60,18,15,6.944444444444445,16,3,0,3,89,0,0.1225,18,1.0
5,60,18,15,7.555555555555555,16,3,0,3,100,0,0.12444444444444444,18,1.0
6,60,18,15,9.222222222222221,16,4,0,4,130,0,0.09916666666666667,18,1.0
7,60,18,15,12.722222222222221,21,4,0,4,193,0,0.13111111111111112,18,1.0
8,60,18,15,6.444444444444445,13,3,0,3,80,0,0.06333333333333332,18,1.0
9,60,18,15,10.61111111111111,18,4,0,4,155,0,0.11888888888888889,18,1.0
0,60,18,30,18.166666666666668,35,6,0,6,291,0,0.3036111111111111,18,1.0
1,60,18,30,12.444444444444445,24,5,0,5,188,0,0.1875,18,1.0
2,60,18,30,15.833333333333334,29,6,0,6,249,0,0.3227777777777778,18,1.0
3,60,18,30,10.222222222222221,24,5,0,5,148,0,0.2136111111111111,18,1.0
4,60,18,30,12.222222222222221,24,4,0,4,184,0,0.24027777777777778,18,1.0
5,60,18,30,11.722222222222221,26,5,0,5,175,0,0.18444444444444444,18,1.0
6,60,18,30,12.944444444444445,26,5,0,5,197,0,0.19305555555555556,18,1.0
7,60,18,30,14.055555555555555,26,7,0,7,217,0,0.24944444444444444,18,1.0
8,60,18,30,10.38888888888889,24,4,0,4,151,0,0.17305555555555555,18,1.0
9,60,18,30,14.444444444444445,24,5,0,5,224,0,0.19944444444444445,18,1.0
0,60,18,60,32.833333333333336,76,8,0,8,555,0,0.5561111111111111,18,1.0
1,60,18,60,18.055555555555557,32,6,0,6,289,0,0.38055555555555554,18,1.0
2,60,18,60,34.888888888888886,86,8,0,8,592,0.043333333333333335,0.5294444444444444,18,1.0
3,60,18,60,27.944444444444443,90,8,0,8,467,0.02666666666666667,0.4811111111111111,18,1.0
4,60,18,60,16.555555555555557,51,7,0,7,262,0,0.33666666666666667,18,1.0
5,60,18,60,22.77777777777778,69,6,0,6,374,0.0033333333333333335,0.4508333333333333,18,1.0
6,60,18,60,19.5,46,6,0,6,315,0,0.34833333333333333,18,1.0
7,60,18,60,36.27777777777778,112,7,0,7,617,0.0033333333333333335,0.6275,18,1.0
8,60,18,60,16.38888888888889,32,6,0,6,259,0,0.33361111111111114,18,1.0
9,60,18,60,22,54,7,0,7,360,0,0.49916666666666665,18,1.0
0,60,24,15,13.916666666666666,27,7,1,7,286,0.03333333333333333,0.17833333333333334,24,1.0
1,60,24,15,9.833333333333334,22,5,1,5,188,0.03,0.10916666666666666,24,1.0
2,60,24,15,9.291666666666666,23,4,1,4,175,0.05,0.12222222222222222,24,1.0
3,60,24,15,10.25,25,5,1,5,198,0.05,0.13166666666666665,24,1.0
4,60,24,15,9.416666666666666,24,5,1,5,178,0.02666666666666667,0.1313888888888889,24,1.0
5,60,24,15,12.125,22,6,0,6,243,0.056666666666666664,0.1511111111111111,24,1.0
6,60,24,15,12.916666666666666,30,7,0,7,262,0.02666666666666667,0.12666666666666668,24,1.0
7,60,24,15,12.041666666666666,27,6,1,6,241,0.056666666666666664,0.1388888888888889,24,1.0
8,60,24,15,10.5,27,6,0,6,204,0.05333333333333334,0.12083333333333333,24,1.0
9,60,24,15,15.958333333333334,30,7,0,7,335,0.06666666666666667,0.16027777777777777,24,1.0
0,60,24,30,26.875,79,10,0,10,597,0.06666666666666667,0.3611111111111111,24,1.0
1,60,24,30,16.666666666666668,33,7,0,7,352,0.056666666666666664,0.2525,24,1.0
2,60,24,30,17.958333333333332,58,8,1,8,383,0.08333333333333333,0.26611111111111113,24,1.0
3,60,24,30,15.5,37,7,1,7,324,0.04,0.3,24,1.0
4,60,24,30,17.5,37,8,1,8,372,0.03333333333333333,0.3238888888888889,24,1.0
5,60,24,30,13.958333333333334,30,6,1,6,287,0.03333333333333333,0.26694444444444443,24,1.0
6,60,24,30,17.791666666666668,33,9,0,9,379,0.04,0.2238888888888889,24,1.0
7,60,24,30,21.708333333333332,64,9,0,9,473,0.06666666666666667,0.2802777777777778,24,1.0
8,60,24,30,16.875,34,8,1,8,357,0.06,0.23,24,1.0
9,60,24,30,23.416666666666668,50,10,0,10,514,0.09,0.38861111111111113,24,1.0
0,60,24,60,78.54166666666667,173,14,2,14,1837,0.14333333333333334,0.8116666666666666,24,1.0
1,60,24,60,32.083333333333336,100,11,1,11,722,0.12666666666666668,0.5291666666666667,24,1.0
2,60,24,60,42.833333333333336,111,12,2,12,980,0.18666666666666668,0.5508333333333333,24,1.0
3,60,24,60,48.625,146,15,1,15,1119,0.19666666666666666,0.6483333333333333,24,1.0
4,60,24,60,30.791666666666668,94,12,1,12,691,0.13,0.5130555555555556,24,1.0
5,60,24,60,42.875,125,12,2,12,981,0.14666666666666667,0.6166666666666667,24,1.0
6,60,24,60,37.5,101,13,1,13,852,0.16,0.5455555555555556,24,1.0
7,60,24,60,55.916666666666664,125,13,1,13,1294,0.30666666666666664,0.6608333333333334,24,1.0
8,60,24,60,25.541666666666668,78,9,0,9,565,0.056666666666666664,0.4672222222222222,24,1.0
9,60,24,60,34.291666666666664,103,11,1,11,775,0.11333333333333333,0.4913888888888889,24,1.0
