arrival_prob,mean_parking_duration,entry_control,entry_threshold,n_seeds,mean_searching_cars_mean,mean_searching_cars_sd,max_searching_cars_mean,max_searching_cars_sd,late_mean_searching_mean,late_mean_searching_sd,search_clear_fraction_mean,search_clear_fraction_sd,mean_waiting_outside_mean,mean_waiting_outside_sd,late_mean_waiting_outside_mean,late_mean_waiting_outside_sd,final_waiting_outside_mean,final_waiting_outside_sd,mean_occupancy_mean,mean_occupancy_sd,mean_blocked_by_parking_mean,mean_blocked_by_parking_sd,mean_search_time_mean,mean_search_time_sd,mean_outside_waiting_time_mean,mean_outside_waiting_time_sd,mean_total_waiting_time_mean,mean_total_waiting_time_sd,successful_parking_count_mean,successful_parking_count_sd,generated_arrivals_mean,generated_arrivals_sd,completion_fraction_mean,completion_fraction_sd,unfinished_vehicle_count_mean,unfinished_vehicle_count_sd,final_searching_mean,final_searching_sd,final_parking_manoeuvre_mean,final_parking_manoeuvre_sd
0.1,10,False,0.8,10,0.286,0.04790876746483883,2.6,0.6633249580710799,0.29,0.17613914953808538,0.75475,0.0254079219929533,0.018,0.010943034314119644,0.04375,0.04816962216999423,0.0,0.0,0.0944375,0.015027188900456397,0.018,0.01105667219374799,5.017936765983224,0.32485478040516524,0.18620627300920004,0.10376234021518739,5.204143038992424,0.3269971947538809,37.3,2.968164415931166,37.8,3.1559467676119,0.9872473126645142,0.01739767404349899,0.5,0.6708203932499369,0.3,0.458257569495584,0.2,0.4
0.1,10,True,0.8,10,0.286,0.04790876746483883,2.6,0.6633249580710799,0.29,0.17613914953808538,0.75475,0.0254079219929533,0.018,0.010943034314119644,0.04375,0.04816962216999423,0.0,0.0,0.0944375,0.015027188900456397,0.018,0.01105667219374799,5.017936765983224,0.32485478040516524,0.18620627300920004,0.10376234021518739,5.204143038992424,0.3269971947538809,37.3,2.968164415931166,37.8,3.1559467676119,0.9872473126645142,0.01739767404349899,0.5,0.6708203932499369,0.3,0.458257569495584,0.2,0.4
0.1,20,False,0.8,10,0.4275,0.11066277603602756,2.8,0.6,0.4075,0.1845772196128222,0.65825,0.053198331740760454,0.0135,0.008077747210701756,0.03,0.03363406011768427,0.0,0.0,0.1911875,0.02625083497349285,0.02075,0.014536591760106632,6.391873079055381,0.85141701374529,0.1394479484388765,0.0810784753879675,6.531321027494258,0.8311957784940404,38.1,3.4190641994557516,38.7,3.522782990761707,0.9847799857102183,0.017400962153982957,0.6,0.6633249580710799,0.3,0.458257569495584,0.3,0.458257569495584
0.1,20,True,0.8,10,0.4275,0.11066277603602756,2.8,0.6,0.4075,0.1845772196128222,0.65825,0.053198331740760454,0.0135,0.008077747210701756,0.03,0.03363406011768427,0.0,0.0,0.1911875,0.02625083497349285,0.02075,0.014536591760106632,6.391873079055381,0.85141701374529,0.1394479484388765,0.0810784753879675,6.531321027494258,0.8311957784940404,38.1,3.4190641994557516,38.7,3.522782990761707,0.9847799857102183,0.017400962153982957,0.6,0.6633249580710799,0.3,0.458257569495584,0.3,0.458257569495584
0.1,30,False,0.8,10,0.58175,0.16145065035483752,3.2,1.1661903789690602,0.5525,0.17498214194597117,0.578,0.07366138744281157,0.0145,0.007729812416870153,0.025,0.027950849718747374,0.0,0.0,0.2846875,0.06155213533731655,0.02075,0.013372079120316332,7.940803038590676,1.3396780429124842,0.14504311817653312,0.08211585465098777,8.085846156767209,1.3507772156755455,37.9,3.4481879299133333,38.8,3.7363083384538807,0.9775501624185835,0.021038706118415962,0.9,0.8306623862918074,0.5,0.6708203932499369,0.4,0.6633249580710799
0.1,30,True,0.8,10,0.58175,0.16145065035483752,3.2,1.1661903789690602,0.5525,0.17498214194597117,0.578,0.07366138744281157,0.0145,0.007729812416870153,0.025,0.027950849718747374,0.0,0.0,0.2846875,0.06155213533731655,0.02075,0.013372079120316332,7.940803038590676,1.3396780429124842,0.14504311817653312,0.08211585465098777,8.085846156767209,1.3507772156755455,37.9,3.4481879299133333,38.8,3.7363083384538807,0.9775501624185835,0.021038706118415962,0.9,0.8306623862918074,0.5,0.6708203932499369,0.4,0.6633249580710799
0.3,10,False,0.8,10,2.10775,0.2902702404656736,6.8,1.3266499161421599,1.9825,1.0752790335536166,0.1365,0.02337733945512192,0.12425,0.04567616993575534,0.125,0.09013878188659974,0.0,0.0,0.26266666666666666,0.023185693625356323,0.2955,0.09362024353738886,9.150860321433363,0.7423745946388329,0.42111256087608856,0.145061875374049,9.571972882309453,0.6848373976826448,115.6,7.472616676907761,117.9,7.049113419430843,0.9802547870278651,0.010968535984948034,2.3,1.268857754044952,1.4,1.019803902718557,0.9,0.7
0.3,10,True,0.8,10,2.10775,0.2902702404656736,6.8,1.3266499161421599,1.9825,1.0752790335536166,0.1365,0.02337733945512192,0.12425,0.04567616993575534,0.125,0.09013878188659974,0.0,0.0,0.26266666666666666,0.023185693625356323,0.2955,0.09362024353738886,9.150860321433363,0.7423745946388329,0.42111256087608856,0.145061875374049,9.571972882309453,0.6848373976826448,115.6,7.472616676907761,117.9,7.049113419430843,0.9802547870278651,0.010968535984948034,2.3,1.268857754044952,1.4,1.019803902718557,0.9,0.7
0.3,20,False,0.8,10,3.17125,0.655854642813482,8.7,1.4177446878757824,3.02,1.7853238501739679,0.0765,0.04327528162819972,0.05575,0.03045591075637043,0.06125,0.08668369223792904,0.1,0.3,0.46977083333333336,0.039918585766323615,0.322,0.11730196076792578,13.021225191104554,1.4549935201180475,0.18776391118337227,0.09964768763777945,13.208989102287926,1.4598724383531203,110.9,9.924212815130478,114.4,9.981983770774224,0.9694142415845526,0.0176672123496296,3.5,2.1563858652847823,2.4,1.9078784028338913,1.0,0.6324555320336759
0.3,20,True,0.8,10,3.25,0.6397440894607781,9.0,1.3416407864998738,3.2975,1.7055131192693886,0.07825,0.042042389323158125,0.063,0.029278831943914705,0.05625,0.08239576748838498,0.1,0.3,0.4789375,0.03967264595165738,0.323,0.11302543961427444,13.231765294201727,1.390436665712399,0.21258559792021486,0.09837070085500763,13.44435089212194,1.388074403746516,111.6,9.941830817309254,115.1,9.843271813782245,0.9695364728945605,0.01848395150554293,3.5,2.247220505424423,2.3,2.1,1.1,0.7
0.3,30,False,0.8,10,6.25075,1.6072150019521345,12.6,3.168595903550972,6.23625,3.122531274863392,0.01675,0.01725,0.17875,0.1120449128697952,0.19625,0.24666842623246293,0.4,1.2,0.7227916666666667,0.07659565325279379,0.67475,0.24780902425053047,23.202237409461688,4.023337700070121,0.55981061882924,0.31008640345253297,23.762048028290927,4.2234928948622095,109.0,9.497368056467012,116.0,11.216059914247962,0.9412730600789804,0.036503395505272075,7.0,4.669047011971501,6.0,4.049691346263318,0.6,0.6633249580710799
0.3,30,True,0.8,10,5.191,1.221739129274331,13.3,3.4365680554879168,6.20625,2.99477278979558,0.017,0.016194134740701648,1.491,1.1878295332243596,2.69,3.8401163719345797,2.8,5.055689863905815,0.6752708333333333,0.061790490127032416,0.64875,0.24090519400793337,19.965996377051592,3.5296359688045342,4.363739433564429,3.077197935690583,24.32973581061602,6.327797461694982,106.7,7.362744053679987,116.8,10.037928073063684,0.91684258419476,0.06116722073488131,10.1,7.8160092118676525,6.9,4.504442251822083,0.4,0.4898979485566356
0.5,10,False,0.8,10,5.55475,0.7721281062751182,11.8,2.227105745132009,5.7475000000000005,1.7710060700065373,0.011250000000000001,0.004643543905251678,0.85925,0.567908498351627,1.2125,1.4064916459048022,1.2,1.469693845669907,0.4191875,0.020629092607421094,1.07575,0.2677593369053636,13.1157189243348,0.9200476822614413,1.6255844265293444,0.9717362429194367,14.741303350864143,1.3132791232523076,192.3,9.59218431849597,200.9,12.29186723000212,0.9579188403943865,0.017824170596970616,8.6,4.24735211631906,6.5,3.2015621187164243,0.9,0.7
0.5,10,True,0.8,10,5.56275,0.7979790489104336,11.7,2.2825424421026654,5.83125,1.7349914445034016,0.0115,0.005147815070493501,0.85875,0.5655608389024119,1.2762499999999999,1.376072876885523,1.0,1.4832396974191326,0.4205625,0.02416541843040726,1.075,0.2745769473207829,13.08320233157176,0.9365285454290023,1.6288343143097324,0.960760510387991,14.712036645881494,1.33587125814876,192.2,10.879338215167317,201.1,13.367497896016292,0.9564417948551818,0.016779487998367388,8.9,4.060788100849391,6.9,3.0805843601498726,1.0,0.6324555320336759
0.5,20,False,0.8,10,10.9315,2.226987090218531,19.8,4.308131845707603,12.1425,3.112666662204612,0.00475,0.005414101956926929,2.40725,2.8363630872122134,4.3237499999999995,5.777836019004001,4.3,6.618912297349165,0.7334583333333333,0.05076901668887784,1.8325,0.6093233952508307,24.814279174567833,4.47221570102971,4.2888336662061715,4.825985618936557,29.103112840774006,8.665535839801581,180.4,8.321057625085889,196.8,10.146920715172659,0.9175442745745748,0.034372501045704114,16.4,7.539230729988305,11.1,3.7,1.0,0.4472135954999579
0.5,20,True,0.8,10,9.2435,0.6915130150619003,18.5,1.5652475842498528,11.04625,1.4150093860112731,0.00475,0.005414101956926929,8.88175,3.424109382379599,17.2425,6.442282689388909,19.7,8.649277426467485,0.6973958333333333,0.026047041112081122,1.67625,0.23648268964133506,22.389372258779904,1.8748026613162718,16.417460949089147,6.51795578649738,38.80683320786905,7.994947006907354,168.0,9.327379053088816,199.4,9.8812954616285,0.8428955388322616,0.03175978069712192,31.4,6.916646586316233,10.8,2.9933259094191533,0.9,1.044030650891055
0.5,30,False,0.8,10,17.044249999999998,0.6011302375525621,26.4,1.42828568570857,19.40375,1.532115061769186,0.0045000000000000005,0.0054543560573178575,14.21475,5.765621329267124,31.06375,12.647567021467014,36.1,12.48559169603107,0.8633958333333334,0.01447311024413511,2.8485,0.18933171947668992,43.688125783702375,3.3697259649581532,21.510419340808713,8.412776596677253,65.19854512451109,11.002737863162206,142.2,5.095095681142799,199.1,12.177438154226035,0.7165136657804154,0.0451402385704135,56.9,12.177438154226035,20.3,3.3778691508109073,0.5,0.6708203932499369
0.5,30,True,0.8,10,9.33925,0.7393325114588157,19.9,1.6401219466856725,10.37375,3.2251620598816424,0.006,0.007176350047203663,29.2635,6.904807401368991,56.5075,13.492637112514366,61.5,13.536986370680884,0.7733749999999999,0.015040396991657707,1.44175,0.14567965712480244,30.358053730050983,1.9285675455788294,50.65804843137268,10.332246948369937,81.01610216142366,10.876568869240591,121.3,7.707788269017255,195.1,13.634148304899723,0.6241702066446423,0.05207470751516811,73.8,14.323407415835103,11.7,4.243819034784589,0.6,0.6633249580710799
