seed,arrival_prob,mean_parking_duration,entry_control,entry_threshold,steps,mean_searching_cars,max_searching_cars,late_mean_searching,search_clear_fraction,mean_waiting_outside,late_mean_waiting_outside,final_waiting_outside,mean_occupancy,mean_blocked_by_parking,mean_search_time,mean_outside_waiting_time,mean_total_waiting_time,successful_parking_count,generated_arrivals,completion_fraction,unfinished_vehicle_count,final_searching,final_parking_manoeuvre
0,0.1,10,False,0.8,400,0.255,2,0.1375,0.7525,0.0125,0.0125,0,0.10354166666666666,0.005,5,0.14705882352941177,5.147058823529412,34,34,1.0,0,0,0
1,0.1,10,False,0.8,400,0.24,2,0.15,0.7875,0.0175,0.0375,0,0.058124999999999996,0.02,4.742857142857143,0.2,4.942857142857143,35,35,1.0,0,0,0
2,0.1,10,False,0.8,400,0.2425,3,0.175,0.7925,0.01,0.025,0,0.09479166666666666,0.0075,4.714285714285714,0.11428571428571428,4.828571428571428,35,36,0.9722222222222222,1,1,0
3,0.1,10,False,0.8,400,0.23,2,0.3375,0.78,0.0325,0.125,0,0.091875,0.01,4.416666666666667,0.3333333333333333,4.75,36,38,0.9473684210526315,2,1,1
4,0.1,10,False,0.8,400,0.2775,2,0.3125,0.74,0.0075,0.025,0,0.10875,0.01,5,0.08108108108108109,5.081081081081081,37,37,1.0,0,0,0
5,0.1,10,False,0.8,400,0.37,4,0.15,0.7175,0.03,0.0125,0,0.10062499999999999,0.04,5.4186046511627906,0.27906976744186046,5.6976744186046515,43,44,0.9772727272727273,1,0,1
6,0.1,10,False,0.8,400,0.3575,3,0.75,0.735,0.03,0.15,0,0.09854166666666667,0.03,5.487804878048781,0.2926829268292683,5.780487804878049,41,41,1.0,0,0,0
7,0.1,10,False,0.8,400,0.3225,3,0.2,0.72,0.0025,0,0,0.11437499999999999,0.015,5.394736842105263,0.02631578947368421,5.421052631578948,38,38,1.0,0,0,0
8,0.1,10,False,0.8,400,0.3075,3,0.4,0.7575,0.03,0.025,0,0.080625,0.03,4.975,0.3,5.275,40,41,0.975609756097561,1,1,0
9,0.1,10,False,0.8,400,0.2575,2,0.2875,0.765,0.0075,0.025,0,0.093125,0.0125,5.029411764705882,0.08823529411764706,5.117647058823529,34,34,1.0,0,0,0
0,0.1,10,True,0.8,400,0.255,2,0.1375,0.7525,0.0125,0.0125,0,0.10354166666666666,0.005,5,0.14705882352941177,5.147058823529412,34,34,1.0,0,0,0
1,0.1,10,True,0.8,400,0.24,2,0.15,0.7875,0.0175,0.0375,0,0.058124999999999996,0.02,4.742857142857143,0.2,4.942857142857143,35,35,1.0,0,0,0
2,0.1,10,True,0.8,400,0.2425,3,0.175,0.7925,0.01,0.025,0,0.09479166666666666,0.0075,4.714285714285714,0.11428571428571428,4.828571428571428,35,36,0.9722222222222222,1,1,0
3,0.1,10,True,0.8,400,0.23,2,0.3375,0.78,0.0325,0.125,0,0.091875,0.01,4.416666666666667,0.3333333333333333,4.75,36,38,0.9473684210526315,2,1,1
4,0.1,10,True,0.8,400,0.2775,2,0.3125,0.74,0.0075,0.025,0,0.10875,0.01,5,0.08108108108108109,5.081081081081081,37,37,1.0,0,0,0
5,0.1,10,True,0.8,400,0.37,4,0.15,0.7175,0.03,0.0125,0,0.10062499999999999,0.04,5.4186046511627906,0.27906976744186046,5.6976744186046515,43,44,0.9772727272727273,1,0,1
6,0.1,10,True,0.8,400,0.3575,3,0.75,0.735,0.03,0.15,0,0.09854166666666667,0.03,5.487804878048781,0.2926829268292683,5.780487804878049,41,41,1.0,0,0,0
7,0.1,10,True,0.8,400,0.3225,3,0.2,0.72,0.0025,0,0,0.11437499999999999,0.015,5.394736842105263,0.02631578947368421,5.421052631578948,38,38,1.0,0,0,0
8,0.1,10,True,0.8,400,0.3075,3,0.4,0.7575,0.03,0.025,0,0.080625,0.03,4.975,0.3,5.275,40,41,0.975609756097561,1,1,0
9,0.1,10,True,0.8,400,0.2575,2,0.2875,0.765,0.0075,0.025,0,0.093125,0.0125,5.029411764705882,0.08823529411764706,5.117647058823529,34,34,1.0,0,0,0
0,0.1,20,False,0.8,400,0.335,2,0.2125,0.6925,0.0075,0.025,0,0.19020833333333334,0.0175,5.828571428571428,0.08571428571428572,5.914285714285715,35,35,1.0,0,0,0
1,0.1,20,False,0.8,400,0.43,3,0.15,0.635,0.015,0.0375,0,0.17729166666666665,0.0125,6.648648648648648,0.16216216216216217,6.8108108108108105,37,37,1.0,0,0,0
2,0.1,20,False,0.8,400,0.36,3,0.175,0.71,0.0075,0.025,0,0.17229166666666665,0.0075,5.972222222222222,0.08333333333333333,6.055555555555555,36,37,0.972972972972973,1,0,1
3,0.1,20,False,0.8,400,0.2625,2,0.425,0.7475,0.0325,0.125,0,0.16,0.01,4.885714285714286,0.34285714285714286,5.228571428571429,35,37,0.9459459459459459,2,1,1
4,0.1,20,False,0.8,400,0.395,2,0.6875,0.65,0.01,0.025,0,0.21520833333333333,0.01,6.27027027027027,0.10810810810810811,6.378378378378378,37,37,1.0,0,0,0
5,0.1,20,False,0.8,400,0.5125,3,0.3625,0.59,0.02,0,0,0.21520833333333333,0.035,6.636363636363637,0.18181818181818182,6.818181818181818,44,45,0.9777777777777777,1,1,0
6,0.1,20,False,0.8,400,0.385,3,0.6375,0.6875,0.01,0,0,0.15291666666666667,0.0225,5.7894736842105265,0.10526315789473684,5.894736842105263,38,39,0.9743589743589743,1,0,1
7,0.1,20,False,0.8,400,0.565,3,0.625,0.575,0.005,0.0125,0,0.22520833333333332,0.0225,7.255813953488372,0.046511627906976744,7.3023255813953485,43,43,1.0,0,0,0
8,0.1,20,False,0.8,400,0.6525,4,0.425,0.6075,0.02,0.025,0,0.22791666666666666,0.0575,8.19047619047619,0.19047619047619047,8.380952380952381,42,43,0.9767441860465116,1,1,0
9,0.1,20,False,0.8,400,0.3775,3,0.375,0.6875,0.0075,0.025,0,0.175625,0.0125,6.4411764705882355,0.08823529411764706,6.529411764705882,34,34,1.0,0,0,0
0,0.1,20,True,0.8,400,0.335,2,0.2125,0.6925,0.0075,0.025,0,0.19020833333333334,0.0175,5.828571428571428,0.08571428571428572,5.914285714285715,35,35,1.0,0,0,0
1,0.1,20,True,0.8,400,0.43,3,0.15,0.635,0.015,0.0375,0,0.17729166666666665,0.0125,6.648648648648648,0.16216216216216217,6.8108108108108105,37,37,1.0,0,0,0
2,0.1,20,True,0.8,400,0.36,3,0.175,0.71,0.0075,0.025,0,0.17229166666666665,0.0075,5.972222222222222,0.08333333333333333,6.055555555555555,36,37,0.972972972972973,1,0,1
3,0.1,20,True,0.8,400,0.2625,2,0.425,0.7475,0.0325,0.125,0,0.16,0.01,4.885714285714286,0.34285714285714286,5.228571428571429,35,37,0.9459459459459459,2,1,1
4,0.1,20,True,0.8,400,0.395,2,0.6875,0.65,0.01,0.025,0,0.21520833333333333,0.01,6.27027027027027,0.10810810810810811,6.378378378378378,37,37,1.0,0,0,0
5,0.1,20,True,0.8,400,0.5125,3,0.3625,0.59,0.02,0,0,0.21520833333333333,0.035,6.636363636363637,0.18181818181818182,6.818181818181818,44,45,0.9777777777777777,1,1,0
6,0.1,20,True,0.8,400,0.385,3,0.6375,0.6875,0.01,0,0,0.15291666666666667,0.0225,5.7894736842105265,0.10526315789473684,5.894736842105263,38,39,0.9743589743589743,1,0,1
7,0.1,20,True,0.8,400,0.565,3,0.625,0.575,0.005,0.0125,0,0.22520833333333332,0.0225,7.255813953488372,0.046511627906976744,7.3023255813953485,43,43,1.0,0,0,0
8,0.1,20,True,0.8,400,0.6525,4,0.425,0.6075,0.02,0.025,0,0.22791666666666666,0.0575,8.19047619047619,0.19047619047619047,8.380952380952381,42,43,0.9767441860465116,1,1,0
9,0.1,20,True,0.8,400,0.3775,3,0.375,0.6875,0.0075,0.025,0,0.175625,0.0125,6.4411764705882355,0.08823529411764706,6.529411764705882,34,34,1.0,0,0,0
0,0.1,30,False,0.8,400,0.7625,3,0.4,0.45,0.02,0.025,0,0.4064583333333333,0.01,9.820512820512821,0.20512820512820512,10.025641025641026,39,39,1.0,0,0,0
1,0.1,30,False,0.8,400,0.7975,6,0.2625,0.58,0.0075,0.0375,0,0.3104166666666667,0.0525,10.128205128205128,0.07692307692307693,10.205128205128204,39,40,0.975,1,1,0
2,0.1,30,False,0.8,400,0.515,3,0.5,0.5975,0.015,0.025,0,0.2758333333333333,0.015,7.472222222222222,0.1388888888888889,7.611111111111111,36,38,0.9473684210526315,2,0,2
3,0.1,30,False,0.8,400,0.4125,2,0.8625,0.6575,0.0275,0.1,0,0.2225,0.02,6.428571428571429,0.3142857142857143,6.742857142857143,35,37,0.9459459459459459,2,2,0
4,0.1,30,False,0.8,400,0.3575,2,0.5,0.695,0.0025,0,0,0.233125,0.015,6.333333333333333,0.030303030303030304,6.363636363636363,33,33,1.0,0,0,0
5,0.1,30,False,0.8,400,0.7025,4,0.475,0.485,0.0225,0,0,0.31729166666666664,0.03,8.511627906976743,0.20930232558139536,8.720930232558139,43,44,0.9772727272727273,1,0,1
6,0.1,30,False,0.8,400,0.435,3,0.575,0.6425,0.01,0.025,0,0.200625,0.03,6.2894736842105265,0.07894736842105263,6.368421052631579,38,39,0.9743589743589743,1,1,0
7,0.1,30,False,0.8,400,0.5725,3,0.8375,0.585,0.015,0.0125,0,0.29770833333333335,0.0075,7.725,0.15,7.875,40,40,1.0,0,0,0
8,0.1,30,False,0.8,400,0.8,4,0.625,0.51,0.02,0.025,0,0.35229166666666667,0.0225,9.093023255813954,0.18604651162790697,9.279069767441861,43,45,0.9555555555555556,2,1,1
9,0.1,30,False,0.8,400,0.4625,2,0.4875,0.5775,0.005,0,0,0.230625,0.005,7.606060606060606,0.06060606060606061,7.666666666666667,33,33,1.0,0,0,0
0,0.1,30,True,0.8,400,0.7625,3,0.4,0.45,0.02,0.025,0,0.4064583333333333,0.01,9.820512820512821,0.20512820512820512,10.025641025641026,39,39,1.0,0,0,0
1,0.1,30,True,0.8,400,0.7975,6,0.2625,0.58,0.0075,0.0375,0,0.3104166666666667,0.0525,10.128205128205128,0.07692307692307693,10.205128205128204,39,40,0.975,1,1,0
2,0.1,30,True,0.8,400,0.515,3,0.5,0.5975,0.015,0.025,0,0.2758333333333333,0.015,7.472222222222222,0.1388888888888889,7.611111111111111,36,38,0.9473684210526315,2,0,2
3,0.1,30,True,0.8,400,0.4125,2,0.8625,0.6575,0.0275,0.1,0,0.2225,0.02,6.428571428571429,0.3142857142857143,6.742857142857143,35,37,0.9459459459459459,2,2,0
4,0.1,30,True,0.8,400,0.3575,2,0.5,0.695,0.0025,0,0,0.233125,0.015,6.333333333333333,0.030303030303030304,6.363636363636363,33,33,1.0,0,0,0
5,0.1,30,True,0.8,400,0.7025,4,0.475,0.485,0.0225,0,0,0.31729166666666664,0.03,8.511627906976743,0.20930232558139536,8.720930232558139,43,44,0.9772727272727273,1,0,1
6,0.1,30,True,0.8,400,0.435,3,0.575,0.6425,0.01,0.025,0,0.200625,0.03,6.2894736842105265,0.07894736842105263,6.368421052631579,38,39,0.9743589743589743,1,1,0
7,0.1,30,True,0.8,400,0.5725,3,0.8375,0.585,0.015,0.0125,0,0.29770833333333335,0.0075,7.725,0.15,7.875,40,40,1.0,0,0,0
8,0.1,30,True,0.8,400,0.8,4,0.625,0.51,0.02,0.025,0,0.35229166666666667,0.0225,9.093023255813954,0.18604651162790697,9.279069767441861,43,45,0.9555555555555556,2,1,1
9,0.1,30,True,0.8,400,0.4625,2,0.4875,0.5775,0.005,0,0,0.230625,0.005,7.606060606060606,0.06060606060606061,7.666666666666667,33,33,1.0,0,0,0
0,0.3,10,False,0.8,400,1.9,7,1.2,0.14,0.055,0.075,0,0.27479166666666666,0.195,9.23076923076923,0.21153846153846154,9.442307692307692,104,107,0.9719626168224299,3,3,0
1,0.3,10,False,0.8,400,2.1875,7,2.5,0.12,0.0975,0.0375,0,0.27979166666666666,0.265,9,0.312,9.312,125,125,1.0,0,0,0
2,0.3,10,False,0.8,400,2.38,6,1.675,0.12,0.1725,0.15,0,0.243125,0.4325,9.596774193548388,0.5564516129032258,10.153225806451612,124,125,0.992,1,1,0
3,0.3,10,False,0.8,400,2.7075,10,4.7375,0.1175,0.095,0.2625,0,0.30395833333333333,0.465,10.727272727272727,0.2975206611570248,11.024793388429751,121,125,0.968,4,2,2
4,0.3,10,False,0.8,400,1.955,7,1.85,0.185,0.1325,0.125,0,0.24,0.31,8.972477064220184,0.46788990825688076,9.440366972477063,109,112,0.9732142857142857,3,2,1
5,0.3,10,False,0.8,400,2.025,7,1.55,0.135,0.2175,0.075,0,0.25645833333333334,0.2725,8.532786885245901,0.7131147540983607,9.245901639344263,122,124,0.9838709677419355,2,1,1
6,0.3,10,False,0.8,400,1.875,7,0.825,0.165,0.0925,0.025,0,0.24895833333333334,0.165,8.7,0.33636363636363636,9.036363636363637,110,112,0.9821428571428571,2,1,1
7,0.3,10,False,0.8,400,2.165,7,1.4,0.14,0.0875,0.0625,0,0.2875,0.2875,9.75,0.32407407407407407,10.074074074074074,108,112,0.9642857142857143,4,3,1
8,0.3,10,False,0.8,400,1.6125,5,1.3,0.1425,0.1525,0.125,0,0.224375,0.2075,7.801801801801802,0.5495495495495496,8.35135135135135,111,112,0.9910714285714286,1,0,1
9,0.3,10,False,0.8,400,2.27,5,2.7875,0.1,0.14,0.3125,0,0.2677083333333333,0.355,9.19672131147541,0.4426229508196721,9.639344262295081,122,125,0.976,3,1,2
0,0.3,10,True,0.8,400,1.9,7,1.2,0.14,0.055,0.075,0,0.27479166666666666,0.195,9.23076923076923,0.21153846153846154,9.442307692307692,104,107,0.9719626168224299,3,3,0
1,0.3,10,True,0.8,400,2.1875,7,2.5,0.12,0.0975,0.0375,0,0.27979166666666666,0.265,9,0.312,9.312,125,125,1.0,0,0,0
2,0.3,10,True,0.8,400,2.38,6,1.675,0.12,0.1725,0.15,0,0.243125,0.4325,9.596774193548388,0.5564516129032258,10.153225806451612,124,125,0.992,1,1,0
3,0.3,10,True,0.8,400,2.7075,10,4.7375,0.1175,0.095,0.2625,0,0.30395833333333333,0.465,10.727272727272727,0.2975206611570248,11.024793388429751,121,125,0.968,4,2,2
4,0.3,10,True,0.8,400,1.955,7,1.85,0.185,0.1325,0.125,0,0.24,0.31,8.972477064220184,0.46788990825688076,9.440366972477063,109,112,0.9732142857142857,3,2,1
5,0.3,10,True,0.8,400,2.025,7,1.55,0.135,0.2175,0.075,0,0.25645833333333334,0.2725,8.532786885245901,0.7131147540983607,9.245901639344263,122,124,0.9838709677419355,2,1,1
6,0.3,10,True,0.8,400,1.875,7,0.825,0.165,0.0925,0.025,0,0.24895833333333334,0.165,8.7,0.33636363636363636,9.036363636363637,110,112,0.9821428571428571,2,1,1
7,0.3,10,True,0.8,400,2.165,7,1.4,0.14,0.0875,0.0625,0,0.2875,0.2875,9.75,0.32407407407407407,10.074074074074074,108,112,0.9642857142857143,4,3,1
8,0.3,10,True,0.8,400,1.6125,5,1.3,0.1425,0.1525,0.125,0,0.224375,0.2075,7.801801801801802,0.5495495495495496,8.35135135135135,111,112,0.9910714285714286,1,0,1
9,0.3,10,True,0.8,400,2.27,5,2.7875,0.1,0.14,0.3125,0,0.2677083333333333,0.355,9.19672131147541,0.4426229508196721,9.639344262295081,122,125,0.976,3,1,2
0,0.3,20,False,0.8,400,2.0925,7,1.0875,0.16,0.0225,0.0625,0,0.390625,0.1475,10.838709677419354,0.0967741935483871,10.935483870967742,93,95,0.9789473684210527,2,0,2
1,0.3,20,False,0.8,400,3.435,9,1.6375,0.055,0.0725,0.125,0,0.48125,0.37,12.904761904761905,0.23015873015873015,13.134920634920634,126,126,1.0,0,0,0
2,0.3,20,False,0.8,400,3.9925,9,4.7,0.0375,0.13,0.0125,0,0.5029166666666667,0.39,14.225806451612904,0.41935483870967744,14.64516129032258,124,128,0.96875,4,3,1
3,0.3,20,False,0.8,400,3.3025,8,4.7375,0.0375,0.0625,0.2875,1,0.49854166666666666,0.32,13.45945945945946,0.2072072072072072,13.666666666666666,111,116,0.9568965517241379,5,3,1
4,0.3,20,False,0.8,400,2.4525,8,2.75,0.12,0.0325,0,0,0.41354166666666664,0.185,11.34,0.13,11.47,100,105,0.9523809523809523,5,4,1
5,0.3,20,False,0.8,400,2.9775,9,3.0125,0.0875,0.06,0.0125,0,0.4583333333333333,0.43,12.232758620689655,0.20689655172413793,12.439655172413794,116,117,0.9914529914529915,1,0,1
6,0.3,20,False,0.8,400,2.875,8,1.825,0.075,0.075,0.0125,0,0.476875,0.2775,12.198198198198199,0.2702702702702703,12.468468468468469,111,114,0.9736842105263158,3,2,1
7,0.3,20,False,0.8,400,3.035,10,1.1,0.1175,0.035,0,0,0.46375,0.23,13.715686274509803,0.13725490196078433,13.852941176470589,102,105,0.9714285714285714,3,2,1
8,0.3,20,False,0.8,400,3.0725,7,2.4625,0.065,0.035,0,0,0.4775,0.305,13.091743119266056,0.12844036697247707,13.220183486238533,109,113,0.9646017699115044,4,4,0
9,0.3,20,False,0.8,400,4.4775,12,6.8875,0.01,0.0325,0.1,0,0.534375,0.565,16.205128205128204,0.05128205128205128,16.256410256410255,117,125,0.936,8,6,2
0,0.3,20,True,0.8,400,2.0925,7,1.0875,0.16,0.0225,0.0625,0,0.390625,0.1475,10.838709677419354,0.0967741935483871,10.935483870967742,93,95,0.9789473684210527,2,0,2
1,0.3,20,True,0.8,400,3.715,9,3.0625,0.0575,0.075,0,0,0.514375,0.365,13.609375,0.234375,13.84375,128,128,1.0,0,0,0
2,0.3,20,True,0.8,400,3.985,9,4.6625,0.0375,0.1325,0.025,0,0.5022916666666667,0.39,14.192,0.424,14.616,125,128,0.9765625,3,2,1
3,0.3,20,True,0.8,400,3.3025,8,4.7375,0.0375,0.0625,0.2875,1,0.49854166666666666,0.32,13.45945945945946,0.2072072072072072,13.666666666666666,111,116,0.9568965517241379,5,3,1
4,0.3,20,True,0.8,400,3.265,10,3.65,0.1,0.0725,0.0375,0,0.5066666666666667,0.255,13.69811320754717,0.2641509433962264,13.962264150943396,106,112,0.9464285714285714,6,6,0
5,0.3,20,True,0.8,400,2.9775,9,3.0125,0.0875,0.06,0.0125,0,0.4583333333333333,0.43,12.232758620689655,0.20689655172413793,12.439655172413794,116,117,0.9914529914529915,1,0,1
6,0.3,20,True,0.8,400,2.875,8,1.825,0.075,0.075,0.0125,0,0.476875,0.2775,12.198198198198199,0.2702702702702703,12.468468468468469,111,114,0.9736842105263158,3,2,1
7,0.3,20,True,0.8,400,3.035,10,1.1,0.1175,0.035,0,0,0.46375,0.23,13.715686274509803,0.13725490196078433,13.852941176470589,102,105,0.9714285714285714,3,2,1
8,0.3,20,True,0.8,400,2.775,8,2.95,0.1,0.0625,0.025,0,0.44354166666666667,0.25,12.16822429906542,0.2336448598130841,12.401869158878505,107,111,0.963963963963964,4,2,2
9,0.3,20,True,0.8,400,4.4775,12,6.8875,0.01,0.0325,0.1,0,0.534375,0.565,16.205128205128204,0.05128205128205128,16.256410256410255,117,125,0.936,8,6,2
0,0.3,30,False,0.8,400,5.79,12,5.9625,0.0,0.065,0.125,0,0.79125,0.4775,23.90909090909091,0.26262626262626265,24.171717171717173,99,103,0.9611650485436893,4,2,2
1,0.3,30,False,0.8,400,6.665,12,4.05,0.0,0.1675,0.1,0,0.708125,0.745,23.758333333333333,0.525,24.283333333333335,120,124,0.967741935483871,4,3,1
2,0.3,30,False,0.8,400,7.6725,15,8.7125,0.0025,0.1925,0.1875,0,0.7883333333333333,0.9,23.721311475409838,0.5655737704918032,24.28688524590164,122,134,0.9104477611940298,12,12,0
3,0.3,30,False,0.8,400,7.2075,12,8.625,0.0025,0.1925,0.3875,0,0.81125,0.7175,25.873873873873872,0.6036036036036037,26.47747747747748,111,123,0.9024390243902439,12,12,0
4,0.3,30,False,0.8,400,4.3475,11,3.85,0.055,0.0925,0.125,0,0.6464583333333334,0.5325,19.47422680412371,0.38144329896907214,19.855670103092784,97,103,0.941747572815534,6,5,1
5,0.3,30,False,0.8,400,8.18,19,9.125,0.0275,0.4375,0.15,0,0.7347916666666666,1.14,27.572580645161292,1.403225806451613,28.975806451612904,124,129,0.9612403100775194,5,4,1
6,0.3,30,False,0.8,400,2.8475,7,2.9875,0.03,0.055,0,0,0.5358333333333334,0.2025,12.931372549019608,0.21568627450980393,13.147058823529411,102,104,0.9807692307692307,2,2,0
7,0.3,30,False,0.8,400,5.32,10,2.175,0.0275,0.135,0.025,0,0.730625,0.5275,22.900990099009903,0.5346534653465347,23.435643564356436,101,104,0.9711538461538461,3,3,0
8,0.3,30,False,0.8,400,6.62,12,4.5625,0.0175,0.135,0,0,0.7441666666666666,0.6425,25.736363636363638,0.4909090909090909,26.227272727272727,110,115,0.9565217391304348,5,5,0
9,0.3,30,False,0.8,400,7.8575,16,12.3125,0.005,0.315,0.8625,4,0.7370833333333333,0.8625,26.14423076923077,0.6153846153846154,26.759615384615383,104,121,0.859504132231405,17,12,1
0,0.3,30,True,0.8,400,4.005,10,2.45,0.03,0.2,0,0,0.6172916666666667,0.2825,17.8,0.8,18.6,100,104,0.9615384615384616,4,4,0
1,0.3,30,True,0.8,400,6.6675,17,9.4375,0.0,2.1725,4.2125,0,0.7189583333333334,0.81,21.77391304347826,6.3130434782608695,28.08695652173913,115,129,0.8914728682170543,14,13,1
2,0.3,30,True,0.8,400,5.3375,13,5.75,0.0025,1.5325,0.2625,3,0.714375,0.58,18.767241379310345,5.103448275862069,23.870689655172413,116,127,0.9133858267716536,11,8,0
3,0.3,30,True,0.8,400,6.65,15,8.9875,0.0025,2.225,7.1625,0,0.7410416666666667,0.91,25.169811320754718,5.943396226415095,31.11320754716981,106,122,0.8688524590163934,16,15,1
4,0.3,30,True,0.8,400,5.415,18,11.2,0.0425,1.19,2.1375,10,0.6616666666666666,0.795,21.595744680851062,3.4893617021276597,25.085106382978722,94,112,0.8392857142857143,18,8,0
5,0.3,30,True,0.8,400,4.9225,13,5.475,0.0375,0.87,0.775,0,0.6602083333333333,0.7325,18.338983050847457,2.9491525423728815,21.28813559322034,118,121,0.9752066115702479,3,3,0
6,0.3,30,True,0.8,400,2.785,7,2.675,0.0325,0.0875,0.1625,0,0.5345833333333333,0.2,12.862745098039216,0.2549019607843137,13.117647058823529,102,103,0.9902912621359223,1,0,1
7,0.3,30,True,0.8,400,5.445,15,4.0625,0.0,2.3425,0.1,0,0.7383333333333333,0.8,23.00980392156863,9.186274509803921,32.19607843137255,102,106,0.9622641509433962,4,4,0
8,0.3,30,True,0.8,400,4.0825,9,3.3125,0.0175,0.22,0.025,0,0.6460416666666666,0.475,16.779816513761467,0.8073394495412844,17.587155963302752,109,113,0.9646017699115044,4,4,0
9,0.3,30,True,0.8,400,6.6,16,8.7125,0.005,4.07,12.0625,15,0.7202083333333333,0.9025,23.561904761904763,8.790476190476191,32.352380952380955,105,131,0.8015267175572519,26,10,1
0,0.5,10,False,0.8,400,5.055,10,5.5125,0.005,0.2975,0.375,0,0.42895833333333333,0.8,12.92134831460674,0.651685393258427,13.573033707865168,178,185,0.9621621621621622,7,6,1
1,0.5,10,False,0.8,400,5.8025,11,6.175,0.0025,0.9825,1.4,1,0.396875,1.2875,13.644670050761421,1.8730964467005076,15.51776649746193,197,203,0.9704433497536946,6,3,2
2,0.5,10,False,0.8,400,4.5675,10,3.15,0.0175,1.7075,0.4125,0,0.37375,0.855,11.202072538860104,3.538860103626943,14.740932642487047,193,199,0.9698492462311558,6,6,0
3,0.5,10,False,0.8,400,5.36,11,3.775,0.01,0.7425,0.475,1,0.43020833333333336,1.0475,13.114583333333334,1.4791666666666667,14.59375,192,197,0.9746192893401016,5,4,0
4,0.5,10,False,0.8,400,5.07,10,5.425,0.0125,0.41,0.4625,2,0.41833333333333333,0.925,13.03867403314917,0.8453038674033149,13.883977900552486,181,189,0.9576719576719577,8,5,1
5,0.5,10,False,0.8,400,6.8825,13,7.525,0.01,0.9175,1.7625,0,0.4447916666666667,1.385,14.238095238095237,1.6714285714285715,15.90952380952381,210,222,0.9459459459459459,12,11,1
6,0.5,10,False,0.8,400,4.86,9,4.8375,0.01,0.4275,0.5,2,0.40375,0.8075,12.172972972972973,0.8432432432432433,13.016216216216216,185,194,0.9536082474226805,9,5,2
7,0.5,10,False,0.8,400,5.18,13,7.5,0.015,0.6025,1.3,1,0.42375,0.9325,12.74731182795699,1.2311827956989247,13.978494623655914,186,193,0.9637305699481865,7,5,1
8,0.5,10,False,0.8,400,6.95,15,9.15,0.0175,2.0875,5.1625,5,0.43833333333333335,1.655,14.534313725490197,3.284313725490196,17.818627450980394,204,224,0.9107142857142857,20,14,1
9,0.5,10,False,0.8,400,5.82,16,4.425,0.0125,0.4175,0.275,0,0.433125,1.0625,13.543147208121827,0.8375634517766497,14.380710659898478,197,203,0.9704433497536946,6,6,0
0,0.5,10,True,0.8,400,5.055,10,5.5125,0.005,0.2975,0.375,0,0.42895833333333333,0.8,12.92134831460674,0.651685393258427,13.573033707865168,178,185,0.9621621621621622,7,6,1
1,0.5,10,True,0.8,400,5.8025,11,6.175,0.0025,0.9825,1.4,1,0.396875,1.2875,13.644670050761421,1.8730964467005076,15.51776649746193,197,203,0.9704433497536946,6,3,2
2,0.5,10,True,0.8,400,4.5675,10,3.15,0.0175,1.7075,0.4125,0,0.37375,0.855,11.202072538860104,3.538860103626943,14.740932642487047,193,199,0.9698492462311558,6,6,0
3,0.5,10,True,0.8,400,5.5675,10,4.35,0.0075,0.4475,0.3625,0,0.45666666666666667,1,13.507936507936508,0.9153439153439153,14.423280423280424,189,197,0.9593908629441624,8,7,1
4,0.5,10,True,0.8,400,4.79,10,4.15,0.0175,0.46,0.65,1,0.4033333333333333,0.8525,12.539772727272727,1.0340909090909092,13.573863636363637,176,183,0.9617486338797814,7,5,1
5,0.5,10,True,0.8,400,6.8825,13,7.525,0.01,0.9175,1.7625,0,0.4447916666666667,1.385,14.238095238095237,1.6714285714285715,15.90952380952381,210,222,0.9459459459459459,12,11,1
6,0.5,10,True,0.8,400,4.86,9,4.8375,0.01,0.4275,0.5,2,0.40375,0.8075,12.172972972972973,0.8432432432432433,13.016216216216216,185,194,0.9536082474226805,9,5,2
7,0.5,10,True,0.8,400,5.18,13,7.5,0.015,0.6025,1.3,1,0.42375,0.9325,12.74731182795699,1.2311827956989247,13.978494623655914,186,193,0.9637305699481865,7,5,1
8,0.5,10,True,0.8,400,6.945,15,9.15,0.0175,2.0925,5.1625,5,0.43833333333333335,1.65,14.52450980392157,3.2941176470588234,17.818627450980394,204,224,0.9107142857142857,20,14,1
9,0.5,10,True,0.8,400,5.9775,16,5.9625,0.0125,0.6525,0.8375,0,0.4354166666666667,1.18,13.333333333333334,1.2352941176470589,14.568627450980392,204,211,0.966824644549763,7,7,0
0,0.5,20,False,0.8,400,12.06,18,12.45,0.0,0.6775,0.6125,0,0.789375,1.805,27.613636363636363,1.4318181818181819,29.045454545454547,176,192,0.9166666666666666,16,15,1
1,0.5,20,False,0.8,400,11.34,23,15.7625,0.0,2.325,3.675,0,0.7008333333333333,2.0875,25.71508379888268,4.553072625698324,30.268156424581004,179,193,0.927461139896373,14,14,0
2,0.5,20,False,0.8,400,8.295,20,7.725,0.0,0.3575,0.3125,0,0.6391666666666667,1.2825,18.925925925925927,0.746031746031746,19.67195767195767,189,196,0.9642857142857143,7,6,1
3,0.5,20,False,0.8,400,7.74,14,9.1375,0.0025,0.3175,0.225,0,0.6885416666666667,1.1775,18.338797814207652,0.6612021857923497,19,183,193,0.9481865284974094,10,9,1
4,0.5,20,False,0.8,400,8.1325,14,9.3875,0.01,0.24,0.15,0,0.7320833333333333,0.865,20.096385542168676,0.5602409638554217,20.656626506024097,166,180,0.9222222222222223,14,13,1
5,0.5,20,False,0.8,400,13.35,23,15.325,0.005,7.56,15.2375,20,0.7979166666666667,2.5325,28.21578947368421,12.51578947368421,40.73157894736842,190,219,0.867579908675799,29,8,1
6,0.5,20,False,0.8,400,12.455,21,14.2125,0.0075,1.82,2.5625,7,0.755,1.975,28.742857142857144,3.4971428571428573,32.24,175,192,0.9114583333333334,17,8,2
7,0.5,20,False,0.8,400,11.1775,17,12.525,0.0,1.2925,4.1625,2,0.76,1.7275,26.045714285714286,1.8342857142857143,27.88,175,192,0.9114583333333334,17,14,1
8,0.5,20,False,0.8,400,10.065,19,8.4,0.0175,1.195,0.475,1,0.6841666666666667,1.8325,22.107692307692307,2.4410256410256412,24.54871794871795,195,204,0.9558823529411765,9,7,1
9,0.5,20,False,0.8,400,14.7,29,16.5,0.005,8.2875,15.825,13,0.7875,3.04,32.34090909090909,14.647727272727273,46.98863636363637,176,207,0.8502415458937198,31,17,1
0,0.5,20,True,0.8,400,8.86,17,11.525,0.0,11.13,16.2125,15,0.7222916666666667,1.53,23.440251572327043,24.566037735849058,48.0062893081761,159,184,0.8641304347826086,25,10,0
1,0.5,20,True,0.8,400,8.165,17,10.0125,0.0,6.17,16.825,20,0.67,1.53,18.687150837988828,10.12290502793296,28.810055865921786,179,208,0.8605769230769231,29,9,0
2,0.5,20,True,0.8,400,8.5975,19,10.5125,0.0,4.1125,8.0125,2,0.640625,1.5675,19.005405405405405,7.935135135135135,26.94054054054054,185,204,0.9068627450980392,19,16,1
3,0.5,20,True,0.8,400,8.8,17,9.475,0.0025,11.2775,26.4625,27,0.7004166666666667,1.505,23.080745341614907,18.77639751552795,41.857142857142854,161,197,0.817258883248731,36,9,0
4,0.5,20,True,0.8,400,8.7925,17,9.1625,0.01,4.1,9.75,9,0.7252083333333333,1.3825,22.40625,7.86875,30.275,160,186,0.8602150537634409,26,15,2
5,0.5,20,True,0.8,400,9.9475,20,13.3,0.005,7.3625,12.675,25,0.708125,1.8525,21.994318181818183,12.255681818181818,34.25,176,210,0.8380952380952381,34,6,3
6,0.5,20,True,0.8,400,9.5075,19,12.825,0.0075,8.3425,14.65,17,0.68875,1.685,23.86335403726708,17.15527950310559,41.01863354037267,161,188,0.8563829787234043,27,10,0
7,0.5,20,True,0.8,400,9.485,18,10.1875,0.0,8.9025,16.525,26,0.7308333333333333,1.6925,23.69375,16.375,40.06875,160,199,0.8040201005025126,39,12,1
8,0.5,20,True,0.8,400,10.6,19,12.85,0.0175,12.25,22.675,24,0.6877083333333334,2.27,23.710227272727273,21.579545454545453,45.28977272727273,176,213,0.8262910798122066,37,13,0
9,0.5,20,True,0.8,400,9.68,22,10.6125,0.005,15.17,28.6375,32,0.7,1.7475,24.012269938650306,27.539877300613497,51.5521472392638,163,205,0.7951219512195122,42,8,2
0,0.5,30,False,0.8,400,17.06,24,21.15,0.0,7.9675,14.475,21,0.8627083333333333,2.825,43.16546762589928,14.93525179856115,58.10071942446043,139,181,0.7679558011049724,42,21,0
1,0.5,30,False,0.8,400,17.9625,28,19.65,0.0,26.545,53.9375,50,0.85625,2.94,48.94964028776978,38.60431654676259,87.55395683453237,139,215,0.6465116279069767,76,26,0
2,0.5,30,False,0.8,400,16.555,26,18.1625,0.0,16.4775,33.225,38,0.86875,2.8625,41.979166666666664,25.541666666666668,67.52083333333333,144,203,0.7093596059113301,59,21,0
3,0.5,30,False,0.8,400,17.3875,28,17.175,0.0025,16.0275,34.15,34,0.8835416666666667,2.685,47.1021897810219,25.35036496350365,72.45255474452554,137,195,0.7025641025641025,58,24,0
4,0.5,30,False,0.8,400,17.03,27,20.7625,0.01,12.335,22.4125,28,0.8697916666666666,2.8225,45.74814814814815,22.333333333333332,68.08148148148148,135,184,0.7336956521739131,49,21,0
5,0.5,30,False,0.8,400,17.6675,26,17.2875,0.0025,20.2725,48.9,60,0.8881249999999999,3.0375,47.465753424657535,26.595890410958905,74.06164383561644,146,220,0.6636363636363637,74,13,1
6,0.5,30,False,0.8,400,16.9575,27,22.025,0.0075,5.2125,15.6625,22,0.8447916666666666,2.9825,38.734693877551024,6.285714285714286,45.02040816326531,147,191,0.7696335078534031,44,20,2
7,0.5,30,False,0.8,400,16.355,24,19.1625,0.0,11.4425,20.075,25,0.8664583333333333,2.8175,40.18300653594771,21.705882352941178,61.888888888888886,153,195,0.7846153846153846,42,17,0
8,0.5,30,False,0.8,400,17.555,28,19.875,0.0175,12.335,37.0625,49,0.841875,3.11,43.822695035460995,12.404255319148936,56.226950354609926,141,210,0.6714285714285714,69,19,1
9,0.5,30,False,0.8,400,15.9125,26,18.7875,0.005,13.5325,30.7375,34,0.8516666666666667,2.4025,39.730496453900706,21.347517730496453,61.07801418439716,141,197,0.7157360406091371,56,21,1
0,0.5,30,True,0.8,400,8.7575,20,9.7375,0.0,31.2675,56.3375,48,0.7775,1.2375,30.555555555555557,61.101851851851855,91.6574074074074,108,178,0.6067415730337079,70,20,2
1,0.5,30,True,0.8,400,9.985,21,11.0125,0.0,35.045,70.8375,78,0.76,1.59,31.32520325203252,53.84552845528455,85.17073170731707,123,211,0.5829383886255924,88,9,1
2,0.5,30,True,0.8,400,10.7575,19,12.7625,0.0,30.1725,53.9125,58,0.7852083333333333,1.6675,32.80952380952381,53.22222222222222,86.03174603174604,126,197,0.6395939086294417,71,13,0
3,0.5,30,True,0.8,400,10.1175,19,12.4375,0.0025,26.885,57.125,68,0.799375,1.475,33.516666666666666,43.208333333333336,76.725,120,195,0.6153846153846154,75,7,0
4,0.5,30,True,0.8,400,9.3475,23,15.4625,0.01,16.05,33.325,45,0.78375,1.6225,28.033898305084747,29.127118644067796,57.16101694915254,118,175,0.6742857142857143,57,12,0
5,0.5,30,True,0.8,400,9.41,20,13.225,0.0025,38.2975,71.775,75,0.7783333333333333,1.3825,29.50793650793651,65.05555555555556,94.56349206349206,126,220,0.5727272727272728,94,18,1
6,0.5,30,True,0.8,400,8.07,21,4.8625,0.0075,28,56.8875,60,0.7483333333333333,1.205,27.94214876033058,46.578512396694215,74.52066115702479,121,191,0.6335078534031413,70,10,0
7,0.5,30,True,0.8,400,9.165,18,5.375,0.0,20.15,37.15,48,0.7791666666666667,1.445,29.96875,40.109375,70.078125,128,184,0.6956521739130435,56,7,1
8,0.5,30,True,0.8,400,8.74,21,10.45,0.0175,38.77,77.175,85,0.7697916666666667,1.39,31.93577981651376,58.3394495412844,90.27522935779817,109,207,0.5265700483091788,98,13,0
9,0.5,30,True,0.8,400,9.0425,17,8.4125,0.02,27.9975,50.55,50,0.7522916666666667,1.4025,27.98507462686567,55.992537313432834,83.9776119402985,134,193,0.694300518134715,59,8,1
