scenario,seed,arrival_prob,mean_parking_duration,entry_control,entry_threshold,steps,mean_searching_cars,max_searching_cars,late_mean_searching,search_clear_fraction,mean_waiting_outside,late_mean_waiting_outside,final_waiting_outside,mean_occupancy,mean_blocked_by_parking,mean_search_time,mean_outside_waiting_time,mean_total_waiting_time,successful_parking_count,generated_arrivals,completion_fraction,unfinished_vehicle_count,final_searching,final_parking_manoeuvre
no_control,0,0.5,30,False,0.8,400,17.06,24,21.15,0.0,7.9675,14.475,21,0.8627083333333333,2.825,43.16546762589928,14.93525179856115,58.10071942446043,139,181,0.7679558011049724,42,21,0
no_control,1,0.5,30,False,0.8,400,17.9625,28,19.65,0.0,26.545,53.9375,50,0.85625,2.94,48.94964028776978,38.60431654676259,87.55395683453237,139,215,0.6465116279069767,76,26,0
no_control,2,0.5,30,False,0.8,400,16.555,26,18.1625,0.0,16.4775,33.225,38,0.86875,2.8625,41.979166666666664,25.541666666666668,67.52083333333333,144,203,0.7093596059113301,59,21,0
no_control,3,0.5,30,False,0.8,400,17.3875,28,17.175,0.0025,16.0275,34.15,34,0.8835416666666667,2.685,47.1021897810219,25.35036496350365,72.45255474452554,137,195,0.7025641025641025,58,24,0
no_control,4,0.5,30,False,0.8,400,17.03,27,20.7625,0.01,12.335,22.4125,28,0.8697916666666666,2.8225,45.74814814814815,22.333333333333332,68.08148148148148,135,184,0.7336956521739131,49,21,0
no_control,5,0.5,30,False,0.8,400,17.6675,26,17.2875,0.0025,20.2725,48.9,60,0.8881249999999999,3.0375,47.465753424657535,26.595890410958905,74.06164383561644,146,220,0.6636363636363637,74,13,1
no_control,6,0.5,30,False,0.8,400,16.9575,27,22.025,0.0075,5.2125,15.6625,22,0.8447916666666666,2.9825,38.734693877551024,6.285714285714286,45.02040816326531,147,191,0.7696335078534031,44,20,2
no_control,7,0.5,30,False,0.8,400,16.355,24,19.1625,0.0,11.4425,20.075,25,0.8664583333333333,2.8175,40.18300653594771,21.705882352941178,61.888888888888886,153,195,0.7846153846153846,42,17,0
no_control,8,0.5,30,False,0.8,400,17.555,28,19.875,0.0175,12.335,37.0625,49,0.841875,3.11,43.822695035460995,12.404255319148936,56.226950354609926,141,210,0.6714285714285714,69,19,1
no_control,9,0.5,30,False,0.8,400,15.9125,26,18.7875,0.005,13.5325,30.7375,34,0.8516666666666667,2.4025,39.730496453900706,21.347517730496453,61.07801418439716,141,197,0.7157360406091371,56,21,1
threshold_0.80,0,0.5,30,True,0.8,400,8.7575,20,9.7375,0.0,31.2675,56.3375,48,0.7775,1.2375,30.555555555555557,61.101851851851855,91.6574074074074,108,178,0.6067415730337079,70,20,2
threshold_0.80,1,0.5,30,True,0.8,400,9.985,21,11.0125,0.0,35.045,70.8375,78,0.76,1.59,31.32520325203252,53.84552845528455,85.17073170731707,123,211,0.5829383886255924,88,9,1
threshold_0.80,2,0.5,30,True,0.8,400,10.7575,19,12.7625,0.0,30.1725,53.9125,58,0.7852083333333333,1.6675,32.80952380952381,53.22222222222222,86.03174603174604,126,197,0.6395939086294417,71,13,0
threshold_0.80,3,0.5,30,True,0.8,400,10.1175,19,12.4375,0.0025,26.885,57.125,68,0.799375,1.475,33.516666666666666,43.208333333333336,76.725,120,195,0.6153846153846154,75,7,0
threshold_0.80,4,0.5,30,True,0.8,400,9.3475,23,15.4625,0.01,16.05,33.325,45,0.78375,1.6225,28.033898305084747,29.127118644067796,57.16101694915254,118,175,0.6742857142857143,57,12,0
threshold_0.80,5,0.5,30,True,0.8,400,9.41,20,13.225,0.0025,38.2975,71.775,75,0.7783333333333333,1.3825,29.50793650793651,65.05555555555556,94.56349206349206,126,220,0.5727272727272728,94,18,1
threshold_0.80,6,0.5,30,True,0.8,400,8.07,21,4.8625,0.0075,28,56.8875,60,0.7483333333333333,1.205,27.94214876033058,46.578512396694215,74.52066115702479,121,191,0.6335078534031413,70,10,0
threshold_0.80,7,0.5,30,True,0.8,400,9.165,18,5.375,0.0,20.15,37.15,48,0.7791666666666667,1.445,29.96875,40.109375,70.078125,128,184,0.6956521739130435,56,7,1
threshold_0.80,8,0.5,30,True,0.8,400,8.74,21,10.45,0.0175,38.77,77.175,85,0.7697916666666667,1.39,31.93577981651376,58.3394495412844,90.27522935779817,109,207,0.5265700483091788,98,13,0
threshold_0.80,9,0.5,30,True,0.8,400,9.0425,17,8.4125,0.02,27.9975,50.55,50,0.7522916666666667,1.4025,27.98507462686567,55.992537313432834,83.9776119402985,134,193,0.694300518134715,59,8,1
threshold_0.85,0,0.5,30,True,0.85,400,12.3225,20,11.2625,0.0,22.5125,47.0375,50,0.828125,1.5375,40.52845528455285,39.113821138211385,79.64227642276423,123,183,0.6721311475409836,60,10,0
threshold_0.85,1,0.5,30,True,0.85,400,13.72,23,13.2625,0.0,28.675,55.2,61,0.805,2.2375,38.76642335766423,43.81751824817518,82.58394160583941,137,211,0.6492890995260664,74,13,0
threshold_0.85,2,0.5,30,True,0.85,400,11.56,19,11.275,0.0,24.32,49.0625,56,0.8304166666666667,1.58,32.40875912408759,39.941605839416056,72.35036496350365,137,205,0.6682926829268293,68,11,1
threshold_0.85,3,0.5,30,True,0.85,400,12.4175,24,14.725,0.0025,22.5625,45.7875,46,0.8191666666666667,1.9375,35.78030303030303,38.56818181818182,74.34848484848484,132,200,0.66,68,22,0
threshold_0.85,4,0.5,30,True,0.85,400,10.4925,18,10.6875,0.01,14.1575,31.1,34,0.82625,1.365,31.186567164179106,26.567164179104477,57.75373134328358,134,180,0.7444444444444445,46,12,0
threshold_0.85,5,0.5,30,True,0.85,400,12.5425,24,11.3625,0.0025,32.5575,71.0375,75,0.8372916666666667,1.7125,36.883720930232556,46.751937984496124,83.63565891472868,129,223,0.57847533632287,94,18,1
threshold_0.85,6,0.5,30,True,0.85,400,12.56,23,11.725,0.0075,17.12,39.0125,38,0.8058333333333333,1.545,37.24242424242424,24.765151515151516,62.00757575757576,132,191,0.6910994764397905,59,19,2
threshold_0.85,7,0.5,30,True,0.85,400,14.19,23,18.4,0.0,19.64,42.675,52,0.8283333333333334,2.3125,39.18181818181818,28.859504132231404,68.04132231404958,121,195,0.6205128205128205,74,22,0
threshold_0.85,8,0.5,30,True,0.85,400,12.2375,22,9.0875,0.0175,29.025,63.5375,67,0.8116666666666666,1.875,37.38167938931298,43.3587786259542,80.74045801526718,131,210,0.6238095238095238,79,11,1
threshold_0.85,9,0.5,30,True,0.85,400,11.0025,20,11.8125,0.005,20.4775,46.9625,51,0.8091666666666667,1.525,33.23664122137404,33.81679389312977,67.05343511450381,131,196,0.6683673469387755,65,14,0
threshold_0.90,0,0.5,30,True,0.9,400,12.3225,20,11.2625,0.0,22.5125,47.0375,50,0.828125,1.5375,40.52845528455285,39.113821138211385,79.64227642276423,123,183,0.6721311475409836,60,10,0
threshold_0.90,1,0.5,30,True,0.9,400,13.72,23,13.2625,0.0,28.675,55.2,61,0.805,2.2375,38.76642335766423,43.81751824817518,82.58394160583941,137,211,0.6492890995260664,74,13,0
threshold_0.90,2,0.5,30,True,0.9,400,11.56,19,11.275,0.0,24.32,49.0625,56,0.8304166666666667,1.58,32.40875912408759,39.941605839416056,72.35036496350365,137,205,0.6682926829268293,68,11,1
threshold_0.90,3,0.5,30,True,0.9,400,12.4175,24,14.725,0.0025,22.5625,45.7875,46,0.8191666666666667,1.9375,35.78030303030303,38.56818181818182,74.34848484848484,132,200,0.66,68,22,0
threshold_0.90,4,0.5,30,True,0.9,400,10.4925,18,10.6875,0.01,14.1575,31.1,34,0.82625,1.365,31.186567164179106,26.567164179104477,57.75373134328358,134,180,0.7444444444444445,46,12,0
threshold_0.90,5,0.5,30,True,0.9,400,12.5425,24,11.3625,0.0025,32.5575,71.0375,75,0.8372916666666667,1.7125,36.883720930232556,46.751937984496124,83.63565891472868,129,223,0.57847533632287,94,18,1
threshold_0.90,6,0.5,30,True,0.9,400,12.56,23,11.725,0.0075,17.12,39.0125,38,0.8058333333333333,1.545,37.24242424242424,24.765151515151516,62.00757575757576,132,191,0.6910994764397905,59,19,2
threshold_0.90,7,0.5,30,True,0.9,400,14.19,23,18.4,0.0,19.64,42.675,52,0.8283333333333334,2.3125,39.18181818181818,28.859504132231404,68.04132231404958,121,195,0.6205128205128205,74,22,0
threshold_0.90,8,0.5,30,True,0.9,400,12.2375,22,9.0875,0.0175,29.025,63.5375,67,0.8116666666666666,1.875,37.38167938931298,43.3587786259542,80.74045801526718,131,210,0.6238095238095238,79,11,1
threshold_0.90,9,0.5,30,True,0.9,400,11.0025,20,11.8125,0.005,20.4775,46.9625,51,0.8091666666666667,1.525,33.23664122137404,33.81679389312977,67.05343511450381,131,196,0.6683673469387755,65,14,0
threshold_0.95,0,0.5,30,True,0.95,400,14.41,26,13,0.0,9.055,15.4875,17,0.8422916666666667,2.36,38.88356164383562,19.28082191780822,58.16438356164384,146,180,0.8111111111111111,34,17,0
threshold_0.95,1,0.5,30,True,0.95,400,15.3375,24,18.4,0.0,28.2025,54.75,68,0.8185416666666666,2.775,40.94927536231884,40.833333333333336,81.78260869565217,138,222,0.6216216216216216,84,16,0
threshold_0.95,2,0.5,30,True,0.95,400,12.8425,21,13.1,0.0,18.6025,40.225,43,0.865625,1.8325,34.59731543624161,28.496644295302012,63.09395973154363,149,206,0.7233009708737864,57,14,0
threshold_0.95,3,0.5,30,True,0.95,400,15.0575,24,15.9625,0.0025,23.82,54.325,59,0.85625,2.13,45.390625,35.1484375,80.5390625,128,202,0.6336633663366337,74,14,1
threshold_0.95,4,0.5,30,True,0.95,400,15.815,26,18.625,0.01,16.4375,36.8125,44,0.853125,2.46,46.25396825396825,25.650793650793652,71.9047619047619,126,186,0.6774193548387096,60,16,0
threshold_0.95,5,0.5,30,True,0.95,400,14.9725,26,19.025,0.0025,15.8375,29.8375,33,0.87,2.385,34.442953020134226,26.59731543624161,61.04026845637584,149,208,0.7163461538461539,59,26,0
threshold_0.95,6,0.5,30,True,0.95,400,15.0075,23,17.35,0.0075,12.03,25.5125,31,0.8466666666666667,2.0375,37.83571428571429,18.385714285714286,56.22142857142857,140,192,0.7291666666666666,52,18,3
threshold_0.95,7,0.5,30,True,0.95,400,16.445,27,18.275,0.0,20.9575,43.1,44,0.8766666666666667,2.0625,45.24590163934426,32.5,77.74590163934427,122,193,0.6321243523316062,71,27,0
threshold_0.95,8,0.5,30,True,0.95,400,14.165,27,15.525,0.0175,18.83,39.6,52,0.8241666666666667,2.3575,33.83098591549296,29.133802816901408,62.96478873239437,142,209,0.6794258373205742,67,15,0
threshold_0.95,9,0.5,30,True,0.95,400,14.1425,26,14.0125,0.005,25.29,63.8375,68,0.8514583333333333,1.95,42.48717948717949,29.803418803418804,72.2905982905983,117,208,0.5625,91,23,0
